url,page_type,cluster,service,geo,s1_volume,s2_gsc,s3_ads,s4_competitors,s4_which,s5_job_history,signals_met,decision,blocked_by
/locations/bellingham/,T4 city,Bellingham WA exterior cleaning,,bellingham,UNMEASURED,MET — 21409 impressions over 16 months,UNMEASURED,3,mtbakerwindows.com|pnwwash.com|pureshinenw.com,ATTESTED territory-wide (2026-09-12),3,PAGE,
/locations/bellingham/window-cleaning/,T4 city x service,window cleaning Bellingham WA,window-cleaning,bellingham,UNMEASURED,MET — 9421 impressions over 16 months,UNMEASURED,1,pnwwash.com,ATTESTED territory-wide (2026-09-12),2,PAGE,
/locations/bellingham/gutter-cleaning/,T4 city x service,gutter cleaning Bellingham WA,gutter-cleaning,bellingham,UNMEASURED,MET — 3952 impressions over 16 months,UNMEASURED,1,pnwwash.com,ATTESTED territory-wide (2026-09-12),2,PAGE,
/locations/bellingham/roof-cleaning/,T4 city x service,roof cleaning Bellingham WA,roof-cleaning,bellingham,UNMEASURED,MET — 3373 impressions over 16 months,UNMEASURED,1,pnwwash.com,ATTESTED territory-wide (2026-09-12),2,PAGE,
/locations/bellingham/moss-removal/,T4 city x service,moss removal Bellingham WA,moss-removal,bellingham,UNMEASURED,MET — 1887 impressions over 16 months,UNMEASURED,0,,ATTESTED territory-wide (2026-09-12),2,PAGE,
/locations/bellingham/pressure-washing/,T4 city x service,pressure washing Bellingham WA,pressure-washing,bellingham,UNMEASURED,MET — 950 impressions over 16 months,UNMEASURED,0,,ATTESTED territory-wide (2026-09-12),2,PAGE,
/locations/bellingham/house-washing/,T4 city x service,house washing Bellingham WA,house-washing,bellingham,UNMEASURED,MET — 59 impressions over 16 months,UNMEASURED,1,pnwwash.com,ATTESTED territory-wide (2026-09-12),2,PAGE,
/locations/bellingham/solar-panel-cleaning/,T4 city x service,solar panel cleaning Bellingham WA,solar-panel-cleaning,bellingham,UNMEASURED,MET — 1035 impressions over 16 months,UNMEASURED,0,,ATTESTED territory-wide (2026-09-12),2,PAGE,
/locations/ferndale/,T4 city,Ferndale WA exterior cleaning,,ferndale,UNMEASURED,"21 impressions over 16 months, threshold 53.5",UNMEASURED,3,mtbakerwindows.com|pnwwash.com|pureshinenw.com,ATTESTED territory-wide (2026-09-12),2,PAGE,
/locations/ferndale/window-cleaning/,T4 city x service,window cleaning Ferndale WA,window-cleaning,ferndale,UNMEASURED,"0 impressions over 16 months, threshold 53.5",UNMEASURED,2,mtbakerwindows.com|pnwwash.com,ATTESTED territory-wide (2026-09-12),2,PAGE,
/locations/ferndale/gutter-cleaning/,T4 city x service,gutter cleaning Ferndale WA,gutter-cleaning,ferndale,UNMEASURED,"0 impressions over 16 months, threshold 53.5",UNMEASURED,2,mtbakerwindows.com|pnwwash.com,ATTESTED territory-wide (2026-09-12),2,PAGE,
/locations/ferndale/roof-cleaning/,T4 city x service,roof cleaning Ferndale WA,roof-cleaning,ferndale,UNMEASURED,"0 impressions over 16 months, threshold 53.5",UNMEASURED,2,mtbakerwindows.com|pnwwash.com,ATTESTED territory-wide (2026-09-12),2,PAGE,
/locations/ferndale/moss-removal/,T4 city x service,moss removal Ferndale WA,moss-removal,ferndale,UNMEASURED,"6 impressions over 16 months, threshold 53.5",UNMEASURED,1,mtbakerwindows.com,ATTESTED territory-wide (2026-09-12),1,MENTION,"S5 met. One competitor only, so S4 does not fire. GSC (S2) is the next signal and the client has access."
/locations/ferndale/pressure-washing/,T4 city x service,pressure washing Ferndale WA,pressure-washing,ferndale,UNMEASURED,"10 impressions over 16 months, threshold 53.5",UNMEASURED,1,mtbakerwindows.com,ATTESTED territory-wide (2026-09-12),1,MENTION,"S5 met. One competitor only, so S4 does not fire. GSC (S2) is the next signal and the client has access."
/locations/ferndale/house-washing/,T4 city x service,house washing Ferndale WA,house-washing,ferndale,UNMEASURED,"0 impressions over 16 months, threshold 53.5",UNMEASURED,2,mtbakerwindows.com|pnwwash.com,ATTESTED territory-wide (2026-09-12),2,PAGE,
/locations/ferndale/solar-panel-cleaning/,T4 city x service,solar panel cleaning Ferndale WA,solar-panel-cleaning,ferndale,UNMEASURED,"0 impressions over 16 months, threshold 53.5",UNMEASURED,1,mtbakerwindows.com,ATTESTED territory-wide (2026-09-12),1,MENTION,"S5 met. One competitor only, so S4 does not fire. GSC (S2) is the next signal and the client has access."
/locations/lynden/,T4 city,Lynden WA exterior cleaning,,lynden,UNMEASURED,"27 impressions over 16 months, threshold 53.5",UNMEASURED,3,mtbakerwindows.com|pnwwash.com|pureshinenw.com,ATTESTED territory-wide (2026-09-12),2,PAGE,
/locations/lynden/window-cleaning/,T4 city x service,window cleaning Lynden WA,window-cleaning,lynden,UNMEASURED,"26 impressions over 16 months, threshold 53.5",UNMEASURED,2,mtbakerwindows.com|pnwwash.com,ATTESTED territory-wide (2026-09-12),2,PAGE,
/locations/lynden/gutter-cleaning/,T4 city x service,gutter cleaning Lynden WA,gutter-cleaning,lynden,UNMEASURED,"0 impressions over 16 months, threshold 53.5",UNMEASURED,2,mtbakerwindows.com|pnwwash.com,ATTESTED territory-wide (2026-09-12),2,PAGE,
/locations/lynden/roof-cleaning/,T4 city x service,roof cleaning Lynden WA,roof-cleaning,lynden,UNMEASURED,"0 impressions over 16 months, threshold 53.5",UNMEASURED,2,mtbakerwindows.com|pnwwash.com,ATTESTED territory-wide (2026-09-12),2,PAGE,
/locations/lynden/moss-removal/,T4 city x service,moss removal Lynden WA,moss-removal,lynden,UNMEASURED,"1 impressions over 16 months, threshold 53.5",UNMEASURED,1,mtbakerwindows.com,ATTESTED territory-wide (2026-09-12),1,MENTION,"S5 met. One competitor only, so S4 does not fire. GSC (S2) is the next signal and the client has access."
/locations/lynden/pressure-washing/,T4 city x service,pressure washing Lynden WA,pressure-washing,lynden,UNMEASURED,"0 impressions over 16 months, threshold 53.5",UNMEASURED,1,mtbakerwindows.com,ATTESTED territory-wide (2026-09-12),1,MENTION,"S5 met. One competitor only, so S4 does not fire. GSC (S2) is the next signal and the client has access."
/locations/lynden/house-washing/,T4 city x service,house washing Lynden WA,house-washing,lynden,UNMEASURED,"0 impressions over 16 months, threshold 53.5",UNMEASURED,2,mtbakerwindows.com|pnwwash.com,ATTESTED territory-wide (2026-09-12),2,PAGE,
/locations/lynden/solar-panel-cleaning/,T4 city x service,solar panel cleaning Lynden WA,solar-panel-cleaning,lynden,UNMEASURED,"0 impressions over 16 months, threshold 53.5",UNMEASURED,1,mtbakerwindows.com,ATTESTED territory-wide (2026-09-12),1,MENTION,"S5 met. One competitor only, so S4 does not fire. GSC (S2) is the next signal and the client has access."
/locations/blaine/,T4 city,Blaine WA exterior cleaning,,blaine,UNMEASURED,"1 impressions over 16 months, threshold 53.5",UNMEASURED,3,mtbakerwindows.com|pnwwash.com|pureshinenw.com,ATTESTED territory-wide (2026-09-12),2,PAGE,
/locations/blaine/window-cleaning/,T4 city x service,window cleaning Blaine WA,window-cleaning,blaine,UNMEASURED,"0 impressions over 16 months, threshold 53.5",UNMEASURED,2,mtbakerwindows.com|pnwwash.com,ATTESTED territory-wide (2026-09-12),2,PAGE,
/locations/blaine/gutter-cleaning/,T4 city x service,gutter cleaning Blaine WA,gutter-cleaning,blaine,UNMEASURED,"0 impressions over 16 months, threshold 53.5",UNMEASURED,2,mtbakerwindows.com|pnwwash.com,ATTESTED territory-wide (2026-09-12),2,PAGE,
/locations/blaine/roof-cleaning/,T4 city x service,roof cleaning Blaine WA,roof-cleaning,blaine,UNMEASURED,"0 impressions over 16 months, threshold 53.5",UNMEASURED,2,mtbakerwindows.com|pnwwash.com,ATTESTED territory-wide (2026-09-12),2,PAGE,
/locations/blaine/moss-removal/,T4 city x service,moss removal Blaine WA,moss-removal,blaine,UNMEASURED,"1 impressions over 16 months, threshold 53.5",UNMEASURED,1,mtbakerwindows.com,ATTESTED territory-wide (2026-09-12),1,MENTION,"S5 met. One competitor only, so S4 does not fire. GSC (S2) is the next signal and the client has access."
/locations/blaine/pressure-washing/,T4 city x service,pressure washing Blaine WA,pressure-washing,blaine,UNMEASURED,"0 impressions over 16 months, threshold 53.5",UNMEASURED,1,mtbakerwindows.com,ATTESTED territory-wide (2026-09-12),1,MENTION,"S5 met. One competitor only, so S4 does not fire. GSC (S2) is the next signal and the client has access."
/locations/blaine/house-washing/,T4 city x service,house washing Blaine WA,house-washing,blaine,UNMEASURED,"0 impressions over 16 months, threshold 53.5",UNMEASURED,2,mtbakerwindows.com|pnwwash.com,ATTESTED territory-wide (2026-09-12),2,PAGE,
/locations/blaine/solar-panel-cleaning/,T4 city x service,solar panel cleaning Blaine WA,solar-panel-cleaning,blaine,UNMEASURED,"0 impressions over 16 months, threshold 53.5",UNMEASURED,1,mtbakerwindows.com,ATTESTED territory-wide (2026-09-12),1,MENTION,"S5 met. One competitor only, so S4 does not fire. GSC (S2) is the next signal and the client has access."
/locations/mount-vernon/,T4 city,Mount Vernon WA exterior cleaning,,mount-vernon,UNMEASURED,"17 impressions over 16 months, threshold 53.5",UNMEASURED,2,mtbakerwindows.com|pureshinenw.com,ATTESTED territory-wide (2026-09-12),2,PAGE,
/locations/mount-vernon/window-cleaning/,T4 city x service,window cleaning Mount Vernon WA,window-cleaning,mount-vernon,UNMEASURED,"13 impressions over 16 months, threshold 53.5",UNMEASURED,1,mtbakerwindows.com,ATTESTED territory-wide (2026-09-12),1,MENTION,"S5 met. One competitor only, so S4 does not fire. GSC (S2) is the next signal and the client has access."
/locations/mount-vernon/gutter-cleaning/,T4 city x service,gutter cleaning Mount Vernon WA,gutter-cleaning,mount-vernon,UNMEASURED,"1 impressions over 16 months, threshold 53.5",UNMEASURED,1,mtbakerwindows.com,ATTESTED territory-wide (2026-09-12),1,MENTION,"S5 met. One competitor only, so S4 does not fire. GSC (S2) is the next signal and the client has access."
/locations/mount-vernon/roof-cleaning/,T4 city x service,roof cleaning Mount Vernon WA,roof-cleaning,mount-vernon,UNMEASURED,"0 impressions over 16 months, threshold 53.5",UNMEASURED,1,mtbakerwindows.com,ATTESTED territory-wide (2026-09-12),1,MENTION,"S5 met. One competitor only, so S4 does not fire. GSC (S2) is the next signal and the client has access."
/locations/mount-vernon/moss-removal/,T4 city x service,moss removal Mount Vernon WA,moss-removal,mount-vernon,UNMEASURED,"0 impressions over 16 months, threshold 53.5",UNMEASURED,1,mtbakerwindows.com,ATTESTED territory-wide (2026-09-12),1,MENTION,"S5 met. One competitor only, so S4 does not fire. GSC (S2) is the next signal and the client has access."
/locations/mount-vernon/pressure-washing/,T4 city x service,pressure washing Mount Vernon WA,pressure-washing,mount-vernon,UNMEASURED,"3 impressions over 16 months, threshold 53.5",UNMEASURED,1,mtbakerwindows.com,ATTESTED territory-wide (2026-09-12),1,MENTION,"S5 met. One competitor only, so S4 does not fire. GSC (S2) is the next signal and the client has access."
/locations/mount-vernon/house-washing/,T4 city x service,house washing Mount Vernon WA,house-washing,mount-vernon,UNMEASURED,"0 impressions over 16 months, threshold 53.5",UNMEASURED,1,mtbakerwindows.com,ATTESTED territory-wide (2026-09-12),1,MENTION,"S5 met. One competitor only, so S4 does not fire. GSC (S2) is the next signal and the client has access."
/locations/mount-vernon/solar-panel-cleaning/,T4 city x service,solar panel cleaning Mount Vernon WA,solar-panel-cleaning,mount-vernon,UNMEASURED,"0 impressions over 16 months, threshold 53.5",UNMEASURED,1,mtbakerwindows.com,ATTESTED territory-wide (2026-09-12),1,MENTION,"S5 met. One competitor only, so S4 does not fire. GSC (S2) is the next signal and the client has access."
/locations/burlington/,T4 city,Burlington WA exterior cleaning,,burlington,UNMEASURED,"9 impressions over 16 months, threshold 53.5",UNMEASURED,3,mtbakerwindows.com|pnwwash.com|pureshinenw.com,ATTESTED territory-wide (2026-09-12),2,PAGE,
/locations/burlington/window-cleaning/,T4 city x service,window cleaning Burlington WA,window-cleaning,burlington,UNMEASURED,"8 impressions over 16 months, threshold 53.5",UNMEASURED,2,mtbakerwindows.com|pnwwash.com,ATTESTED territory-wide (2026-09-12),2,PAGE,
/locations/burlington/gutter-cleaning/,T4 city x service,gutter cleaning Burlington WA,gutter-cleaning,burlington,UNMEASURED,"1 impressions over 16 months, threshold 53.5",UNMEASURED,2,mtbakerwindows.com|pnwwash.com,ATTESTED territory-wide (2026-09-12),2,PAGE,
/locations/burlington/roof-cleaning/,T4 city x service,roof cleaning Burlington WA,roof-cleaning,burlington,UNMEASURED,"0 impressions over 16 months, threshold 53.5",UNMEASURED,2,mtbakerwindows.com|pnwwash.com,ATTESTED territory-wide (2026-09-12),2,PAGE,
/locations/burlington/moss-removal/,T4 city x service,moss removal Burlington WA,moss-removal,burlington,UNMEASURED,"0 impressions over 16 months, threshold 53.5",UNMEASURED,1,mtbakerwindows.com,ATTESTED territory-wide (2026-09-12),1,MENTION,"S5 met. One competitor only, so S4 does not fire. GSC (S2) is the next signal and the client has access."
/locations/burlington/pressure-washing/,T4 city x service,pressure washing Burlington WA,pressure-washing,burlington,UNMEASURED,"0 impressions over 16 months, threshold 53.5",UNMEASURED,1,mtbakerwindows.com,ATTESTED territory-wide (2026-09-12),1,MENTION,"S5 met. One competitor only, so S4 does not fire. GSC (S2) is the next signal and the client has access."
/locations/burlington/house-washing/,T4 city x service,house washing Burlington WA,house-washing,burlington,UNMEASURED,"0 impressions over 16 months, threshold 53.5",UNMEASURED,2,mtbakerwindows.com|pnwwash.com,ATTESTED territory-wide (2026-09-12),2,PAGE,
/locations/burlington/solar-panel-cleaning/,T4 city x service,solar panel cleaning Burlington WA,solar-panel-cleaning,burlington,UNMEASURED,"0 impressions over 16 months, threshold 53.5",UNMEASURED,1,mtbakerwindows.com,ATTESTED territory-wide (2026-09-12),1,MENTION,"S5 met. One competitor only, so S4 does not fire. GSC (S2) is the next signal and the client has access."
/locations/sedro-woolley/,T4 city,Sedro-Woolley WA exterior cleaning,,sedro-woolley,UNMEASURED,"0 impressions over 16 months, threshold 53.5",UNMEASURED,1,mtbakerwindows.com,ATTESTED territory-wide (2026-09-12),1,MENTION,"S5 met. One competitor only, so S4 does not fire. GSC (S2) is the next signal and the client has access."
/locations/sedro-woolley/window-cleaning/,T4 city x service,window cleaning Sedro-Woolley WA,window-cleaning,sedro-woolley,UNMEASURED,"0 impressions over 16 months, threshold 53.5",UNMEASURED,1,mtbakerwindows.com,ATTESTED territory-wide (2026-09-12),1,MENTION,"S5 met. One competitor only, so S4 does not fire. GSC (S2) is the next signal and the client has access."
/locations/sedro-woolley/gutter-cleaning/,T4 city x service,gutter cleaning Sedro-Woolley WA,gutter-cleaning,sedro-woolley,UNMEASURED,"0 impressions over 16 months, threshold 53.5",UNMEASURED,1,mtbakerwindows.com,ATTESTED territory-wide (2026-09-12),1,MENTION,"S5 met. One competitor only, so S4 does not fire. GSC (S2) is the next signal and the client has access."
/locations/sedro-woolley/roof-cleaning/,T4 city x service,roof cleaning Sedro-Woolley WA,roof-cleaning,sedro-woolley,UNMEASURED,"0 impressions over 16 months, threshold 53.5",UNMEASURED,1,mtbakerwindows.com,ATTESTED territory-wide (2026-09-12),1,MENTION,"S5 met. One competitor only, so S4 does not fire. GSC (S2) is the next signal and the client has access."
/locations/sedro-woolley/moss-removal/,T4 city x service,moss removal Sedro-Woolley WA,moss-removal,sedro-woolley,UNMEASURED,"0 impressions over 16 months, threshold 53.5",UNMEASURED,1,mtbakerwindows.com,ATTESTED territory-wide (2026-09-12),1,MENTION,"S5 met. One competitor only, so S4 does not fire. GSC (S2) is the next signal and the client has access."
/locations/sedro-woolley/pressure-washing/,T4 city x service,pressure washing Sedro-Woolley WA,pressure-washing,sedro-woolley,UNMEASURED,"0 impressions over 16 months, threshold 53.5",UNMEASURED,1,mtbakerwindows.com,ATTESTED territory-wide (2026-09-12),1,MENTION,"S5 met. One competitor only, so S4 does not fire. GSC (S2) is the next signal and the client has access."
/locations/sedro-woolley/house-washing/,T4 city x service,house washing Sedro-Woolley WA,house-washing,sedro-woolley,UNMEASURED,"0 impressions over 16 months, threshold 53.5",UNMEASURED,1,mtbakerwindows.com,ATTESTED territory-wide (2026-09-12),1,MENTION,"S5 met. One competitor only, so S4 does not fire. GSC (S2) is the next signal and the client has access."
/locations/sedro-woolley/solar-panel-cleaning/,T4 city x service,solar panel cleaning Sedro-Woolley WA,solar-panel-cleaning,sedro-woolley,UNMEASURED,"0 impressions over 16 months, threshold 53.5",UNMEASURED,1,mtbakerwindows.com,ATTESTED territory-wide (2026-09-12),1,MENTION,"S5 met. One competitor only, so S4 does not fire. GSC (S2) is the next signal and the client has access."
/locations/anacortes/,T4 city,Anacortes WA exterior cleaning,,anacortes,UNMEASURED,"12 impressions over 16 months, threshold 53.5",UNMEASURED,3,mtbakerwindows.com|pnwwash.com|pureshinenw.com,ATTESTED territory-wide (2026-09-12),2,PAGE,
/locations/anacortes/window-cleaning/,T4 city x service,window cleaning Anacortes WA,window-cleaning,anacortes,UNMEASURED,"3 impressions over 16 months, threshold 53.5",UNMEASURED,2,mtbakerwindows.com|pnwwash.com,ATTESTED territory-wide (2026-09-12),2,PAGE,
/locations/anacortes/gutter-cleaning/,T4 city x service,gutter cleaning Anacortes WA,gutter-cleaning,anacortes,UNMEASURED,"6 impressions over 16 months, threshold 53.5",UNMEASURED,2,mtbakerwindows.com|pnwwash.com,ATTESTED territory-wide (2026-09-12),2,PAGE,
/locations/anacortes/roof-cleaning/,T4 city x service,roof cleaning Anacortes WA,roof-cleaning,anacortes,UNMEASURED,"3 impressions over 16 months, threshold 53.5",UNMEASURED,2,mtbakerwindows.com|pnwwash.com,ATTESTED territory-wide (2026-09-12),2,PAGE,
/locations/anacortes/moss-removal/,T4 city x service,moss removal Anacortes WA,moss-removal,anacortes,UNMEASURED,"0 impressions over 16 months, threshold 53.5",UNMEASURED,1,mtbakerwindows.com,ATTESTED territory-wide (2026-09-12),1,MENTION,"S5 met. One competitor only, so S4 does not fire. GSC (S2) is the next signal and the client has access."
/locations/anacortes/pressure-washing/,T4 city x service,pressure washing Anacortes WA,pressure-washing,anacortes,UNMEASURED,"0 impressions over 16 months, threshold 53.5",UNMEASURED,1,mtbakerwindows.com,ATTESTED territory-wide (2026-09-12),1,MENTION,"S5 met. One competitor only, so S4 does not fire. GSC (S2) is the next signal and the client has access."
/locations/anacortes/house-washing/,T4 city x service,house washing Anacortes WA,house-washing,anacortes,UNMEASURED,"0 impressions over 16 months, threshold 53.5",UNMEASURED,2,mtbakerwindows.com|pnwwash.com,ATTESTED territory-wide (2026-09-12),2,PAGE,
/locations/anacortes/solar-panel-cleaning/,T4 city x service,solar panel cleaning Anacortes WA,solar-panel-cleaning,anacortes,UNMEASURED,"0 impressions over 16 months, threshold 53.5",UNMEASURED,1,mtbakerwindows.com,ATTESTED territory-wide (2026-09-12),1,MENTION,"S5 met. One competitor only, so S4 does not fire. GSC (S2) is the next signal and the client has access."
/locations/birch-bay/,T4 city,Birch Bay WA exterior cleaning,,birch-bay,UNMEASURED,"0 impressions over 16 months, threshold 53.5",UNMEASURED,2,mtbakerwindows.com|pureshinenw.com,ATTESTED territory-wide (2026-09-12),2,PAGE,
/locations/birch-bay/window-cleaning/,T4 city x service,window cleaning Birch Bay WA,window-cleaning,birch-bay,UNMEASURED,"0 impressions over 16 months, threshold 53.5",UNMEASURED,0,,ATTESTED territory-wide (2026-09-12),1,MENTION,"S5 met, no competitor builds this tuple. Needs GSC impressions or metro volume, or it stays an areaServed mention."
/locations/birch-bay/gutter-cleaning/,T4 city x service,gutter cleaning Birch Bay WA,gutter-cleaning,birch-bay,UNMEASURED,"0 impressions over 16 months, threshold 53.5",UNMEASURED,1,mtbakerwindows.com,ATTESTED territory-wide (2026-09-12),1,MENTION,"S5 met. One competitor only, so S4 does not fire. GSC (S2) is the next signal and the client has access."
/locations/birch-bay/roof-cleaning/,T4 city x service,roof cleaning Birch Bay WA,roof-cleaning,birch-bay,UNMEASURED,"0 impressions over 16 months, threshold 53.5",UNMEASURED,1,mtbakerwindows.com,ATTESTED territory-wide (2026-09-12),1,MENTION,"S5 met. One competitor only, so S4 does not fire. GSC (S2) is the next signal and the client has access."
/locations/birch-bay/moss-removal/,T4 city x service,moss removal Birch Bay WA,moss-removal,birch-bay,UNMEASURED,"0 impressions over 16 months, threshold 53.5",UNMEASURED,1,mtbakerwindows.com,ATTESTED territory-wide (2026-09-12),1,MENTION,"S5 met. One competitor only, so S4 does not fire. GSC (S2) is the next signal and the client has access."
/locations/birch-bay/pressure-washing/,T4 city x service,pressure washing Birch Bay WA,pressure-washing,birch-bay,UNMEASURED,"0 impressions over 16 months, threshold 53.5",UNMEASURED,1,mtbakerwindows.com,ATTESTED territory-wide (2026-09-12),1,MENTION,"S5 met. One competitor only, so S4 does not fire. GSC (S2) is the next signal and the client has access."
/locations/birch-bay/house-washing/,T4 city x service,house washing Birch Bay WA,house-washing,birch-bay,UNMEASURED,"0 impressions over 16 months, threshold 53.5",UNMEASURED,1,mtbakerwindows.com,ATTESTED territory-wide (2026-09-12),1,MENTION,"S5 met. One competitor only, so S4 does not fire. GSC (S2) is the next signal and the client has access."
/locations/birch-bay/solar-panel-cleaning/,T4 city x service,solar panel cleaning Birch Bay WA,solar-panel-cleaning,birch-bay,UNMEASURED,"0 impressions over 16 months, threshold 53.5",UNMEASURED,1,mtbakerwindows.com,ATTESTED territory-wide (2026-09-12),1,MENTION,"S5 met. One competitor only, so S4 does not fire. GSC (S2) is the next signal and the client has access."
/locations/semiahmoo/,T4 city,Semiahmoo WA exterior cleaning,,semiahmoo,UNMEASURED,"0 impressions over 16 months, threshold 53.5",UNMEASURED,0,,ATTESTED territory-wide (2026-09-12),1,MENTION,"S5 met, no competitor builds this tuple. Needs GSC impressions or metro volume, or it stays an areaServed mention."
/locations/semiahmoo/window-cleaning/,T4 city x service,window cleaning Semiahmoo WA,window-cleaning,semiahmoo,UNMEASURED,"0 impressions over 16 months, threshold 53.5",UNMEASURED,0,,ATTESTED territory-wide (2026-09-12),1,MENTION,"S5 met, no competitor builds this tuple. Needs GSC impressions or metro volume, or it stays an areaServed mention."
/locations/semiahmoo/gutter-cleaning/,T4 city x service,gutter cleaning Semiahmoo WA,gutter-cleaning,semiahmoo,UNMEASURED,"0 impressions over 16 months, threshold 53.5",UNMEASURED,0,,ATTESTED territory-wide (2026-09-12),1,MENTION,"S5 met, no competitor builds this tuple. Needs GSC impressions or metro volume, or it stays an areaServed mention."
/locations/semiahmoo/roof-cleaning/,T4 city x service,roof cleaning Semiahmoo WA,roof-cleaning,semiahmoo,UNMEASURED,"0 impressions over 16 months, threshold 53.5",UNMEASURED,0,,ATTESTED territory-wide (2026-09-12),1,MENTION,"S5 met, no competitor builds this tuple. Needs GSC impressions or metro volume, or it stays an areaServed mention."
/locations/semiahmoo/moss-removal/,T4 city x service,moss removal Semiahmoo WA,moss-removal,semiahmoo,UNMEASURED,"0 impressions over 16 months, threshold 53.5",UNMEASURED,0,,ATTESTED territory-wide (2026-09-12),1,MENTION,"S5 met, no competitor builds this tuple. Needs GSC impressions or metro volume, or it stays an areaServed mention."
/locations/semiahmoo/pressure-washing/,T4 city x service,pressure washing Semiahmoo WA,pressure-washing,semiahmoo,UNMEASURED,"0 impressions over 16 months, threshold 53.5",UNMEASURED,0,,ATTESTED territory-wide (2026-09-12),1,MENTION,"S5 met, no competitor builds this tuple. Needs GSC impressions or metro volume, or it stays an areaServed mention."
/locations/semiahmoo/house-washing/,T4 city x service,house washing Semiahmoo WA,house-washing,semiahmoo,UNMEASURED,"0 impressions over 16 months, threshold 53.5",UNMEASURED,0,,ATTESTED territory-wide (2026-09-12),1,MENTION,"S5 met, no competitor builds this tuple. Needs GSC impressions or metro volume, or it stays an areaServed mention."
/locations/semiahmoo/solar-panel-cleaning/,T4 city x service,solar panel cleaning Semiahmoo WA,solar-panel-cleaning,semiahmoo,UNMEASURED,"0 impressions over 16 months, threshold 53.5",UNMEASURED,0,,ATTESTED territory-wide (2026-09-12),1,MENTION,"S5 met, no competitor builds this tuple. Needs GSC impressions or metro volume, or it stays an areaServed mention."
/locations/custer/,T4 city,Custer WA exterior cleaning,,custer,UNMEASURED,"0 impressions over 16 months, threshold 53.5",UNMEASURED,1,mtbakerwindows.com,ATTESTED territory-wide (2026-09-12),1,MENTION,"S5 met. One competitor only, so S4 does not fire. GSC (S2) is the next signal and the client has access."
/locations/custer/window-cleaning/,T4 city x service,window cleaning Custer WA,window-cleaning,custer,UNMEASURED,"0 impressions over 16 months, threshold 53.5",UNMEASURED,1,mtbakerwindows.com,ATTESTED territory-wide (2026-09-12),1,MENTION,"S5 met. One competitor only, so S4 does not fire. GSC (S2) is the next signal and the client has access."
/locations/custer/gutter-cleaning/,T4 city x service,gutter cleaning Custer WA,gutter-cleaning,custer,UNMEASURED,"0 impressions over 16 months, threshold 53.5",UNMEASURED,1,mtbakerwindows.com,ATTESTED territory-wide (2026-09-12),1,MENTION,"S5 met. One competitor only, so S4 does not fire. GSC (S2) is the next signal and the client has access."
/locations/custer/roof-cleaning/,T4 city x service,roof cleaning Custer WA,roof-cleaning,custer,UNMEASURED,"0 impressions over 16 months, threshold 53.5",UNMEASURED,1,mtbakerwindows.com,ATTESTED territory-wide (2026-09-12),1,MENTION,"S5 met. One competitor only, so S4 does not fire. GSC (S2) is the next signal and the client has access."
/locations/custer/moss-removal/,T4 city x service,moss removal Custer WA,moss-removal,custer,UNMEASURED,"0 impressions over 16 months, threshold 53.5",UNMEASURED,1,mtbakerwindows.com,ATTESTED territory-wide (2026-09-12),1,MENTION,"S5 met. One competitor only, so S4 does not fire. GSC (S2) is the next signal and the client has access."
/locations/custer/pressure-washing/,T4 city x service,pressure washing Custer WA,pressure-washing,custer,UNMEASURED,"0 impressions over 16 months, threshold 53.5",UNMEASURED,1,mtbakerwindows.com,ATTESTED territory-wide (2026-09-12),1,MENTION,"S5 met. One competitor only, so S4 does not fire. GSC (S2) is the next signal and the client has access."
/locations/custer/house-washing/,T4 city x service,house washing Custer WA,house-washing,custer,UNMEASURED,"0 impressions over 16 months, threshold 53.5",UNMEASURED,1,mtbakerwindows.com,ATTESTED territory-wide (2026-09-12),1,MENTION,"S5 met. One competitor only, so S4 does not fire. GSC (S2) is the next signal and the client has access."
/locations/custer/solar-panel-cleaning/,T4 city x service,solar panel cleaning Custer WA,solar-panel-cleaning,custer,UNMEASURED,"0 impressions over 16 months, threshold 53.5",UNMEASURED,1,mtbakerwindows.com,ATTESTED territory-wide (2026-09-12),1,MENTION,"S5 met. One competitor only, so S4 does not fire. GSC (S2) is the next signal and the client has access."
/locations/everson/,T4 city,Everson WA exterior cleaning,,everson,UNMEASURED,"0 impressions over 16 months, threshold 53.5",UNMEASURED,2,mtbakerwindows.com|pnwwash.com,ATTESTED territory-wide (2026-09-12),2,PAGE,
/locations/everson/window-cleaning/,T4 city x service,window cleaning Everson WA,window-cleaning,everson,UNMEASURED,"0 impressions over 16 months, threshold 53.5",UNMEASURED,2,mtbakerwindows.com|pnwwash.com,ATTESTED territory-wide (2026-09-12),2,PAGE,
/locations/everson/gutter-cleaning/,T4 city x service,gutter cleaning Everson WA,gutter-cleaning,everson,UNMEASURED,"0 impressions over 16 months, threshold 53.5",UNMEASURED,2,mtbakerwindows.com|pnwwash.com,ATTESTED territory-wide (2026-09-12),2,PAGE,
/locations/everson/roof-cleaning/,T4 city x service,roof cleaning Everson WA,roof-cleaning,everson,UNMEASURED,"0 impressions over 16 months, threshold 53.5",UNMEASURED,2,mtbakerwindows.com|pnwwash.com,ATTESTED territory-wide (2026-09-12),2,PAGE,
/locations/everson/moss-removal/,T4 city x service,moss removal Everson WA,moss-removal,everson,UNMEASURED,"0 impressions over 16 months, threshold 53.5",UNMEASURED,1,mtbakerwindows.com,ATTESTED territory-wide (2026-09-12),1,MENTION,"S5 met. One competitor only, so S4 does not fire. GSC (S2) is the next signal and the client has access."
/locations/everson/pressure-washing/,T4 city x service,pressure washing Everson WA,pressure-washing,everson,UNMEASURED,"0 impressions over 16 months, threshold 53.5",UNMEASURED,1,mtbakerwindows.com,ATTESTED territory-wide (2026-09-12),1,MENTION,"S5 met. One competitor only, so S4 does not fire. GSC (S2) is the next signal and the client has access."
/locations/everson/house-washing/,T4 city x service,house washing Everson WA,house-washing,everson,UNMEASURED,"0 impressions over 16 months, threshold 53.5",UNMEASURED,2,mtbakerwindows.com|pnwwash.com,ATTESTED territory-wide (2026-09-12),2,PAGE,
/locations/everson/solar-panel-cleaning/,T4 city x service,solar panel cleaning Everson WA,solar-panel-cleaning,everson,UNMEASURED,"0 impressions over 16 months, threshold 53.5",UNMEASURED,1,mtbakerwindows.com,ATTESTED territory-wide (2026-09-12),1,MENTION,"S5 met. One competitor only, so S4 does not fire. GSC (S2) is the next signal and the client has access."
/locations/nooksack/,T4 city,Nooksack WA exterior cleaning,,nooksack,UNMEASURED,"0 impressions over 16 months, threshold 53.5",UNMEASURED,0,,ATTESTED territory-wide (2026-09-12),1,MENTION,"S5 met, no competitor builds this tuple. Needs GSC impressions or metro volume, or it stays an areaServed mention."
/locations/nooksack/window-cleaning/,T4 city x service,window cleaning Nooksack WA,window-cleaning,nooksack,UNMEASURED,"0 impressions over 16 months, threshold 53.5",UNMEASURED,0,,ATTESTED territory-wide (2026-09-12),1,MENTION,"S5 met, no competitor builds this tuple. Needs GSC impressions or metro volume, or it stays an areaServed mention."
/locations/nooksack/gutter-cleaning/,T4 city x service,gutter cleaning Nooksack WA,gutter-cleaning,nooksack,UNMEASURED,"0 impressions over 16 months, threshold 53.5",UNMEASURED,0,,ATTESTED territory-wide (2026-09-12),1,MENTION,"S5 met, no competitor builds this tuple. Needs GSC impressions or metro volume, or it stays an areaServed mention."
/locations/nooksack/roof-cleaning/,T4 city x service,roof cleaning Nooksack WA,roof-cleaning,nooksack,UNMEASURED,"0 impressions over 16 months, threshold 53.5",UNMEASURED,0,,ATTESTED territory-wide (2026-09-12),1,MENTION,"S5 met, no competitor builds this tuple. Needs GSC impressions or metro volume, or it stays an areaServed mention."
/locations/nooksack/moss-removal/,T4 city x service,moss removal Nooksack WA,moss-removal,nooksack,UNMEASURED,"0 impressions over 16 months, threshold 53.5",UNMEASURED,0,,ATTESTED territory-wide (2026-09-12),1,MENTION,"S5 met, no competitor builds this tuple. Needs GSC impressions or metro volume, or it stays an areaServed mention."
/locations/nooksack/pressure-washing/,T4 city x service,pressure washing Nooksack WA,pressure-washing,nooksack,UNMEASURED,"0 impressions over 16 months, threshold 53.5",UNMEASURED,0,,ATTESTED territory-wide (2026-09-12),1,MENTION,"S5 met, no competitor builds this tuple. Needs GSC impressions or metro volume, or it stays an areaServed mention."
/locations/nooksack/house-washing/,T4 city x service,house washing Nooksack WA,house-washing,nooksack,UNMEASURED,"0 impressions over 16 months, threshold 53.5",UNMEASURED,0,,ATTESTED territory-wide (2026-09-12),1,MENTION,"S5 met, no competitor builds this tuple. Needs GSC impressions or metro volume, or it stays an areaServed mention."
/locations/nooksack/solar-panel-cleaning/,T4 city x service,solar panel cleaning Nooksack WA,solar-panel-cleaning,nooksack,UNMEASURED,"0 impressions over 16 months, threshold 53.5",UNMEASURED,0,,ATTESTED territory-wide (2026-09-12),1,MENTION,"S5 met, no competitor builds this tuple. Needs GSC impressions or metro volume, or it stays an areaServed mention."
/locations/sumas/,T4 city,Sumas WA exterior cleaning,,sumas,UNMEASURED,"0 impressions over 16 months, threshold 53.5",UNMEASURED,1,mtbakerwindows.com,ATTESTED territory-wide (2026-09-12),1,MENTION,"S5 met. One competitor only, so S4 does not fire. GSC (S2) is the next signal and the client has access."
/locations/sumas/window-cleaning/,T4 city x service,window cleaning Sumas WA,window-cleaning,sumas,UNMEASURED,"0 impressions over 16 months, threshold 53.5",UNMEASURED,1,mtbakerwindows.com,ATTESTED territory-wide (2026-09-12),1,MENTION,"S5 met. One competitor only, so S4 does not fire. GSC (S2) is the next signal and the client has access."
/locations/sumas/gutter-cleaning/,T4 city x service,gutter cleaning Sumas WA,gutter-cleaning,sumas,UNMEASURED,"0 impressions over 16 months, threshold 53.5",UNMEASURED,1,mtbakerwindows.com,ATTESTED territory-wide (2026-09-12),1,MENTION,"S5 met. One competitor only, so S4 does not fire. GSC (S2) is the next signal and the client has access."
/locations/sumas/roof-cleaning/,T4 city x service,roof cleaning Sumas WA,roof-cleaning,sumas,UNMEASURED,"0 impressions over 16 months, threshold 53.5",UNMEASURED,1,mtbakerwindows.com,ATTESTED territory-wide (2026-09-12),1,MENTION,"S5 met. One competitor only, so S4 does not fire. GSC (S2) is the next signal and the client has access."
/locations/sumas/moss-removal/,T4 city x service,moss removal Sumas WA,moss-removal,sumas,UNMEASURED,"0 impressions over 16 months, threshold 53.5",UNMEASURED,1,mtbakerwindows.com,ATTESTED territory-wide (2026-09-12),1,MENTION,"S5 met. One competitor only, so S4 does not fire. GSC (S2) is the next signal and the client has access."
/locations/sumas/pressure-washing/,T4 city x service,pressure washing Sumas WA,pressure-washing,sumas,UNMEASURED,"0 impressions over 16 months, threshold 53.5",UNMEASURED,1,mtbakerwindows.com,ATTESTED territory-wide (2026-09-12),1,MENTION,"S5 met. One competitor only, so S4 does not fire. GSC (S2) is the next signal and the client has access."
/locations/sumas/house-washing/,T4 city x service,house washing Sumas WA,house-washing,sumas,UNMEASURED,"0 impressions over 16 months, threshold 53.5",UNMEASURED,1,mtbakerwindows.com,ATTESTED territory-wide (2026-09-12),1,MENTION,"S5 met. One competitor only, so S4 does not fire. GSC (S2) is the next signal and the client has access."
/locations/sumas/solar-panel-cleaning/,T4 city x service,solar panel cleaning Sumas WA,solar-panel-cleaning,sumas,UNMEASURED,"0 impressions over 16 months, threshold 53.5",UNMEASURED,1,mtbakerwindows.com,ATTESTED territory-wide (2026-09-12),1,MENTION,"S5 met. One competitor only, so S4 does not fire. GSC (S2) is the next signal and the client has access."
/locations/deming/,T4 city,Deming WA exterior cleaning,,deming,UNMEASURED,"0 impressions over 16 months, threshold 53.5",UNMEASURED,1,mtbakerwindows.com,ATTESTED territory-wide (2026-09-12),1,MENTION,"S5 met. One competitor only, so S4 does not fire. GSC (S2) is the next signal and the client has access."
/locations/deming/window-cleaning/,T4 city x service,window cleaning Deming WA,window-cleaning,deming,UNMEASURED,"0 impressions over 16 months, threshold 53.5",UNMEASURED,1,mtbakerwindows.com,ATTESTED territory-wide (2026-09-12),1,MENTION,"S5 met. One competitor only, so S4 does not fire. GSC (S2) is the next signal and the client has access."
/locations/deming/gutter-cleaning/,T4 city x service,gutter cleaning Deming WA,gutter-cleaning,deming,UNMEASURED,"0 impressions over 16 months, threshold 53.5",UNMEASURED,1,mtbakerwindows.com,ATTESTED territory-wide (2026-09-12),1,MENTION,"S5 met. One competitor only, so S4 does not fire. GSC (S2) is the next signal and the client has access."
/locations/deming/roof-cleaning/,T4 city x service,roof cleaning Deming WA,roof-cleaning,deming,UNMEASURED,"0 impressions over 16 months, threshold 53.5",UNMEASURED,1,mtbakerwindows.com,ATTESTED territory-wide (2026-09-12),1,MENTION,"S5 met. One competitor only, so S4 does not fire. GSC (S2) is the next signal and the client has access."
/locations/deming/moss-removal/,T4 city x service,moss removal Deming WA,moss-removal,deming,UNMEASURED,"0 impressions over 16 months, threshold 53.5",UNMEASURED,1,mtbakerwindows.com,ATTESTED territory-wide (2026-09-12),1,MENTION,"S5 met. One competitor only, so S4 does not fire. GSC (S2) is the next signal and the client has access."
/locations/deming/pressure-washing/,T4 city x service,pressure washing Deming WA,pressure-washing,deming,UNMEASURED,"0 impressions over 16 months, threshold 53.5",UNMEASURED,1,mtbakerwindows.com,ATTESTED territory-wide (2026-09-12),1,MENTION,"S5 met. One competitor only, so S4 does not fire. GSC (S2) is the next signal and the client has access."
/locations/deming/house-washing/,T4 city x service,house washing Deming WA,house-washing,deming,UNMEASURED,"0 impressions over 16 months, threshold 53.5",UNMEASURED,1,mtbakerwindows.com,ATTESTED territory-wide (2026-09-12),1,MENTION,"S5 met. One competitor only, so S4 does not fire. GSC (S2) is the next signal and the client has access."
/locations/deming/solar-panel-cleaning/,T4 city x service,solar panel cleaning Deming WA,solar-panel-cleaning,deming,UNMEASURED,"0 impressions over 16 months, threshold 53.5",UNMEASURED,1,mtbakerwindows.com,ATTESTED territory-wide (2026-09-12),1,MENTION,"S5 met. One competitor only, so S4 does not fire. GSC (S2) is the next signal and the client has access."
/locations/acme/,T4 city,Acme WA exterior cleaning,,acme,UNMEASURED,"0 impressions over 16 months, threshold 53.5",UNMEASURED,1,mtbakerwindows.com,ATTESTED territory-wide (2026-09-12),1,MENTION,"S5 met. One competitor only, so S4 does not fire. GSC (S2) is the next signal and the client has access."
/locations/acme/window-cleaning/,T4 city x service,window cleaning Acme WA,window-cleaning,acme,UNMEASURED,"0 impressions over 16 months, threshold 53.5",UNMEASURED,1,mtbakerwindows.com,ATTESTED territory-wide (2026-09-12),1,MENTION,"S5 met. One competitor only, so S4 does not fire. GSC (S2) is the next signal and the client has access."
/locations/acme/gutter-cleaning/,T4 city x service,gutter cleaning Acme WA,gutter-cleaning,acme,UNMEASURED,"0 impressions over 16 months, threshold 53.5",UNMEASURED,1,mtbakerwindows.com,ATTESTED territory-wide (2026-09-12),1,MENTION,"S5 met. One competitor only, so S4 does not fire. GSC (S2) is the next signal and the client has access."
/locations/acme/roof-cleaning/,T4 city x service,roof cleaning Acme WA,roof-cleaning,acme,UNMEASURED,"0 impressions over 16 months, threshold 53.5",UNMEASURED,1,mtbakerwindows.com,ATTESTED territory-wide (2026-09-12),1,MENTION,"S5 met. One competitor only, so S4 does not fire. GSC (S2) is the next signal and the client has access."
/locations/acme/moss-removal/,T4 city x service,moss removal Acme WA,moss-removal,acme,UNMEASURED,"0 impressions over 16 months, threshold 53.5",UNMEASURED,1,mtbakerwindows.com,ATTESTED territory-wide (2026-09-12),1,MENTION,"S5 met. One competitor only, so S4 does not fire. GSC (S2) is the next signal and the client has access."
/locations/acme/pressure-washing/,T4 city x service,pressure washing Acme WA,pressure-washing,acme,UNMEASURED,"0 impressions over 16 months, threshold 53.5",UNMEASURED,1,mtbakerwindows.com,ATTESTED territory-wide (2026-09-12),1,MENTION,"S5 met. One competitor only, so S4 does not fire. GSC (S2) is the next signal and the client has access."
/locations/acme/house-washing/,T4 city x service,house washing Acme WA,house-washing,acme,UNMEASURED,"0 impressions over 16 months, threshold 53.5",UNMEASURED,1,mtbakerwindows.com,ATTESTED territory-wide (2026-09-12),1,MENTION,"S5 met. One competitor only, so S4 does not fire. GSC (S2) is the next signal and the client has access."
/locations/acme/solar-panel-cleaning/,T4 city x service,solar panel cleaning Acme WA,solar-panel-cleaning,acme,UNMEASURED,"0 impressions over 16 months, threshold 53.5",UNMEASURED,1,mtbakerwindows.com,ATTESTED territory-wide (2026-09-12),1,MENTION,"S5 met. One competitor only, so S4 does not fire. GSC (S2) is the next signal and the client has access."
/locations/maple-falls/,T4 city,Maple Falls WA exterior cleaning,,maple-falls,UNMEASURED,"0 impressions over 16 months, threshold 53.5",UNMEASURED,1,mtbakerwindows.com,ATTESTED territory-wide (2026-09-12),1,MENTION,"S5 met. One competitor only, so S4 does not fire. GSC (S2) is the next signal and the client has access."
/locations/maple-falls/window-cleaning/,T4 city x service,window cleaning Maple Falls WA,window-cleaning,maple-falls,UNMEASURED,"0 impressions over 16 months, threshold 53.5",UNMEASURED,1,mtbakerwindows.com,ATTESTED territory-wide (2026-09-12),1,MENTION,"S5 met. One competitor only, so S4 does not fire. GSC (S2) is the next signal and the client has access."
/locations/maple-falls/gutter-cleaning/,T4 city x service,gutter cleaning Maple Falls WA,gutter-cleaning,maple-falls,UNMEASURED,"0 impressions over 16 months, threshold 53.5",UNMEASURED,1,mtbakerwindows.com,ATTESTED territory-wide (2026-09-12),1,MENTION,"S5 met. One competitor only, so S4 does not fire. GSC (S2) is the next signal and the client has access."
/locations/maple-falls/roof-cleaning/,T4 city x service,roof cleaning Maple Falls WA,roof-cleaning,maple-falls,UNMEASURED,"0 impressions over 16 months, threshold 53.5",UNMEASURED,1,mtbakerwindows.com,ATTESTED territory-wide (2026-09-12),1,MENTION,"S5 met. One competitor only, so S4 does not fire. GSC (S2) is the next signal and the client has access."
/locations/maple-falls/moss-removal/,T4 city x service,moss removal Maple Falls WA,moss-removal,maple-falls,UNMEASURED,"0 impressions over 16 months, threshold 53.5",UNMEASURED,1,mtbakerwindows.com,ATTESTED territory-wide (2026-09-12),1,MENTION,"S5 met. One competitor only, so S4 does not fire. GSC (S2) is the next signal and the client has access."
/locations/maple-falls/pressure-washing/,T4 city x service,pressure washing Maple Falls WA,pressure-washing,maple-falls,UNMEASURED,"0 impressions over 16 months, threshold 53.5",UNMEASURED,1,mtbakerwindows.com,ATTESTED territory-wide (2026-09-12),1,MENTION,"S5 met. One competitor only, so S4 does not fire. GSC (S2) is the next signal and the client has access."
/locations/maple-falls/house-washing/,T4 city x service,house washing Maple Falls WA,house-washing,maple-falls,UNMEASURED,"0 impressions over 16 months, threshold 53.5",UNMEASURED,1,mtbakerwindows.com,ATTESTED territory-wide (2026-09-12),1,MENTION,"S5 met. One competitor only, so S4 does not fire. GSC (S2) is the next signal and the client has access."
/locations/maple-falls/solar-panel-cleaning/,T4 city x service,solar panel cleaning Maple Falls WA,solar-panel-cleaning,maple-falls,UNMEASURED,"0 impressions over 16 months, threshold 53.5",UNMEASURED,1,mtbakerwindows.com,ATTESTED territory-wide (2026-09-12),1,MENTION,"S5 met. One competitor only, so S4 does not fire. GSC (S2) is the next signal and the client has access."
/locations/glacier/,T4 city,Glacier WA exterior cleaning,,glacier,UNMEASURED,"0 impressions over 16 months, threshold 53.5",UNMEASURED,1,mtbakerwindows.com,ATTESTED territory-wide (2026-09-12),1,MENTION,"S5 met. One competitor only, so S4 does not fire. GSC (S2) is the next signal and the client has access."
/locations/glacier/window-cleaning/,T4 city x service,window cleaning Glacier WA,window-cleaning,glacier,UNMEASURED,"0 impressions over 16 months, threshold 53.5",UNMEASURED,1,mtbakerwindows.com,ATTESTED territory-wide (2026-09-12),1,MENTION,"S5 met. One competitor only, so S4 does not fire. GSC (S2) is the next signal and the client has access."
/locations/glacier/gutter-cleaning/,T4 city x service,gutter cleaning Glacier WA,gutter-cleaning,glacier,UNMEASURED,"0 impressions over 16 months, threshold 53.5",UNMEASURED,1,mtbakerwindows.com,ATTESTED territory-wide (2026-09-12),1,MENTION,"S5 met. One competitor only, so S4 does not fire. GSC (S2) is the next signal and the client has access."
/locations/glacier/roof-cleaning/,T4 city x service,roof cleaning Glacier WA,roof-cleaning,glacier,UNMEASURED,"0 impressions over 16 months, threshold 53.5",UNMEASURED,1,mtbakerwindows.com,ATTESTED territory-wide (2026-09-12),1,MENTION,"S5 met. One competitor only, so S4 does not fire. GSC (S2) is the next signal and the client has access."
/locations/glacier/moss-removal/,T4 city x service,moss removal Glacier WA,moss-removal,glacier,UNMEASURED,"0 impressions over 16 months, threshold 53.5",UNMEASURED,1,mtbakerwindows.com,ATTESTED territory-wide (2026-09-12),1,MENTION,"S5 met. One competitor only, so S4 does not fire. GSC (S2) is the next signal and the client has access."
/locations/glacier/pressure-washing/,T4 city x service,pressure washing Glacier WA,pressure-washing,glacier,UNMEASURED,"0 impressions over 16 months, threshold 53.5",UNMEASURED,1,mtbakerwindows.com,ATTESTED territory-wide (2026-09-12),1,MENTION,"S5 met. One competitor only, so S4 does not fire. GSC (S2) is the next signal and the client has access."
/locations/glacier/house-washing/,T4 city x service,house washing Glacier WA,house-washing,glacier,UNMEASURED,"0 impressions over 16 months, threshold 53.5",UNMEASURED,1,mtbakerwindows.com,ATTESTED territory-wide (2026-09-12),1,MENTION,"S5 met. One competitor only, so S4 does not fire. GSC (S2) is the next signal and the client has access."
/locations/glacier/solar-panel-cleaning/,T4 city x service,solar panel cleaning Glacier WA,solar-panel-cleaning,glacier,UNMEASURED,"0 impressions over 16 months, threshold 53.5",UNMEASURED,1,mtbakerwindows.com,ATTESTED territory-wide (2026-09-12),1,MENTION,"S5 met. One competitor only, so S4 does not fire. GSC (S2) is the next signal and the client has access."
/locations/sudden-valley/,T4 city,Sudden Valley WA exterior cleaning,,sudden-valley,UNMEASURED,"0 impressions over 16 months, threshold 53.5",UNMEASURED,2,mtbakerwindows.com|pnwwash.com,ATTESTED territory-wide (2026-09-12),2,PAGE,
/locations/sudden-valley/window-cleaning/,T4 city x service,window cleaning Sudden Valley WA,window-cleaning,sudden-valley,UNMEASURED,"0 impressions over 16 months, threshold 53.5",UNMEASURED,2,mtbakerwindows.com|pnwwash.com,ATTESTED territory-wide (2026-09-12),2,PAGE,
/locations/sudden-valley/gutter-cleaning/,T4 city x service,gutter cleaning Sudden Valley WA,gutter-cleaning,sudden-valley,UNMEASURED,"0 impressions over 16 months, threshold 53.5",UNMEASURED,2,mtbakerwindows.com|pnwwash.com,ATTESTED territory-wide (2026-09-12),2,PAGE,
/locations/sudden-valley/roof-cleaning/,T4 city x service,roof cleaning Sudden Valley WA,roof-cleaning,sudden-valley,UNMEASURED,"0 impressions over 16 months, threshold 53.5",UNMEASURED,2,mtbakerwindows.com|pnwwash.com,ATTESTED territory-wide (2026-09-12),2,PAGE,
/locations/sudden-valley/moss-removal/,T4 city x service,moss removal Sudden Valley WA,moss-removal,sudden-valley,UNMEASURED,"0 impressions over 16 months, threshold 53.5",UNMEASURED,1,mtbakerwindows.com,ATTESTED territory-wide (2026-09-12),1,MENTION,"S5 met. One competitor only, so S4 does not fire. GSC (S2) is the next signal and the client has access."
/locations/sudden-valley/pressure-washing/,T4 city x service,pressure washing Sudden Valley WA,pressure-washing,sudden-valley,UNMEASURED,"0 impressions over 16 months, threshold 53.5",UNMEASURED,1,mtbakerwindows.com,ATTESTED territory-wide (2026-09-12),1,MENTION,"S5 met. One competitor only, so S4 does not fire. GSC (S2) is the next signal and the client has access."
/locations/sudden-valley/house-washing/,T4 city x service,house washing Sudden Valley WA,house-washing,sudden-valley,UNMEASURED,"0 impressions over 16 months, threshold 53.5",UNMEASURED,2,mtbakerwindows.com|pnwwash.com,ATTESTED territory-wide (2026-09-12),2,PAGE,
/locations/sudden-valley/solar-panel-cleaning/,T4 city x service,solar panel cleaning Sudden Valley WA,solar-panel-cleaning,sudden-valley,UNMEASURED,"0 impressions over 16 months, threshold 53.5",UNMEASURED,1,mtbakerwindows.com,ATTESTED territory-wide (2026-09-12),1,MENTION,"S5 met. One competitor only, so S4 does not fire. GSC (S2) is the next signal and the client has access."
/locations/kendall/,T4 city,Kendall WA exterior cleaning,,kendall,UNMEASURED,"0 impressions over 16 months, threshold 53.5",UNMEASURED,0,,ATTESTED territory-wide (2026-09-12),1,MENTION,"S5 met, no competitor builds this tuple. Needs GSC impressions or metro volume, or it stays an areaServed mention."
/locations/kendall/window-cleaning/,T4 city x service,window cleaning Kendall WA,window-cleaning,kendall,UNMEASURED,"0 impressions over 16 months, threshold 53.5",UNMEASURED,0,,ATTESTED territory-wide (2026-09-12),1,MENTION,"S5 met, no competitor builds this tuple. Needs GSC impressions or metro volume, or it stays an areaServed mention."
/locations/kendall/gutter-cleaning/,T4 city x service,gutter cleaning Kendall WA,gutter-cleaning,kendall,UNMEASURED,"0 impressions over 16 months, threshold 53.5",UNMEASURED,0,,ATTESTED territory-wide (2026-09-12),1,MENTION,"S5 met, no competitor builds this tuple. Needs GSC impressions or metro volume, or it stays an areaServed mention."
/locations/kendall/roof-cleaning/,T4 city x service,roof cleaning Kendall WA,roof-cleaning,kendall,UNMEASURED,"0 impressions over 16 months, threshold 53.5",UNMEASURED,0,,ATTESTED territory-wide (2026-09-12),1,MENTION,"S5 met, no competitor builds this tuple. Needs GSC impressions or metro volume, or it stays an areaServed mention."
/locations/kendall/moss-removal/,T4 city x service,moss removal Kendall WA,moss-removal,kendall,UNMEASURED,"0 impressions over 16 months, threshold 53.5",UNMEASURED,0,,ATTESTED territory-wide (2026-09-12),1,MENTION,"S5 met, no competitor builds this tuple. Needs GSC impressions or metro volume, or it stays an areaServed mention."
/locations/kendall/pressure-washing/,T4 city x service,pressure washing Kendall WA,pressure-washing,kendall,UNMEASURED,"0 impressions over 16 months, threshold 53.5",UNMEASURED,0,,ATTESTED territory-wide (2026-09-12),1,MENTION,"S5 met, no competitor builds this tuple. Needs GSC impressions or metro volume, or it stays an areaServed mention."
/locations/kendall/house-washing/,T4 city x service,house washing Kendall WA,house-washing,kendall,UNMEASURED,"0 impressions over 16 months, threshold 53.5",UNMEASURED,0,,ATTESTED territory-wide (2026-09-12),1,MENTION,"S5 met, no competitor builds this tuple. Needs GSC impressions or metro volume, or it stays an areaServed mention."
/locations/kendall/solar-panel-cleaning/,T4 city x service,solar panel cleaning Kendall WA,solar-panel-cleaning,kendall,UNMEASURED,"0 impressions over 16 months, threshold 53.5",UNMEASURED,0,,ATTESTED territory-wide (2026-09-12),1,MENTION,"S5 met, no competitor builds this tuple. Needs GSC impressions or metro volume, or it stays an areaServed mention."
/locations/van-zandt/,T4 city,Van Zandt WA exterior cleaning,,van-zandt,UNMEASURED,"0 impressions over 16 months, threshold 53.5",UNMEASURED,0,,ATTESTED territory-wide (2026-09-12),1,MENTION,"S5 met, no competitor builds this tuple. Needs GSC impressions or metro volume, or it stays an areaServed mention."
/locations/van-zandt/window-cleaning/,T4 city x service,window cleaning Van Zandt WA,window-cleaning,van-zandt,UNMEASURED,"0 impressions over 16 months, threshold 53.5",UNMEASURED,0,,ATTESTED territory-wide (2026-09-12),1,MENTION,"S5 met, no competitor builds this tuple. Needs GSC impressions or metro volume, or it stays an areaServed mention."
/locations/van-zandt/gutter-cleaning/,T4 city x service,gutter cleaning Van Zandt WA,gutter-cleaning,van-zandt,UNMEASURED,"0 impressions over 16 months, threshold 53.5",UNMEASURED,0,,ATTESTED territory-wide (2026-09-12),1,MENTION,"S5 met, no competitor builds this tuple. Needs GSC impressions or metro volume, or it stays an areaServed mention."
/locations/van-zandt/roof-cleaning/,T4 city x service,roof cleaning Van Zandt WA,roof-cleaning,van-zandt,UNMEASURED,"0 impressions over 16 months, threshold 53.5",UNMEASURED,0,,ATTESTED territory-wide (2026-09-12),1,MENTION,"S5 met, no competitor builds this tuple. Needs GSC impressions or metro volume, or it stays an areaServed mention."
/locations/van-zandt/moss-removal/,T4 city x service,moss removal Van Zandt WA,moss-removal,van-zandt,UNMEASURED,"0 impressions over 16 months, threshold 53.5",UNMEASURED,0,,ATTESTED territory-wide (2026-09-12),1,MENTION,"S5 met, no competitor builds this tuple. Needs GSC impressions or metro volume, or it stays an areaServed mention."
/locations/van-zandt/pressure-washing/,T4 city x service,pressure washing Van Zandt WA,pressure-washing,van-zandt,UNMEASURED,"0 impressions over 16 months, threshold 53.5",UNMEASURED,0,,ATTESTED territory-wide (2026-09-12),1,MENTION,"S5 met, no competitor builds this tuple. Needs GSC impressions or metro volume, or it stays an areaServed mention."
/locations/van-zandt/house-washing/,T4 city x service,house washing Van Zandt WA,house-washing,van-zandt,UNMEASURED,"0 impressions over 16 months, threshold 53.5",UNMEASURED,0,,ATTESTED territory-wide (2026-09-12),1,MENTION,"S5 met, no competitor builds this tuple. Needs GSC impressions or metro volume, or it stays an areaServed mention."
/locations/van-zandt/solar-panel-cleaning/,T4 city x service,solar panel cleaning Van Zandt WA,solar-panel-cleaning,van-zandt,UNMEASURED,"0 impressions over 16 months, threshold 53.5",UNMEASURED,0,,ATTESTED territory-wide (2026-09-12),1,MENTION,"S5 met, no competitor builds this tuple. Needs GSC impressions or metro volume, or it stays an areaServed mention."
/locations/la-conner/,T4 city,La Conner WA exterior cleaning,,la-conner,UNMEASURED,"0 impressions over 16 months, threshold 53.5",UNMEASURED,1,mtbakerwindows.com,ATTESTED territory-wide (2026-09-12),1,MENTION,"S5 met. One competitor only, so S4 does not fire. GSC (S2) is the next signal and the client has access."
/locations/la-conner/window-cleaning/,T4 city x service,window cleaning La Conner WA,window-cleaning,la-conner,UNMEASURED,"0 impressions over 16 months, threshold 53.5",UNMEASURED,1,mtbakerwindows.com,ATTESTED territory-wide (2026-09-12),1,MENTION,"S5 met. One competitor only, so S4 does not fire. GSC (S2) is the next signal and the client has access."
/locations/la-conner/gutter-cleaning/,T4 city x service,gutter cleaning La Conner WA,gutter-cleaning,la-conner,UNMEASURED,"0 impressions over 16 months, threshold 53.5",UNMEASURED,1,mtbakerwindows.com,ATTESTED territory-wide (2026-09-12),1,MENTION,"S5 met. One competitor only, so S4 does not fire. GSC (S2) is the next signal and the client has access."
/locations/la-conner/roof-cleaning/,T4 city x service,roof cleaning La Conner WA,roof-cleaning,la-conner,UNMEASURED,"0 impressions over 16 months, threshold 53.5",UNMEASURED,1,mtbakerwindows.com,ATTESTED territory-wide (2026-09-12),1,MENTION,"S5 met. One competitor only, so S4 does not fire. GSC (S2) is the next signal and the client has access."
/locations/la-conner/moss-removal/,T4 city x service,moss removal La Conner WA,moss-removal,la-conner,UNMEASURED,"0 impressions over 16 months, threshold 53.5",UNMEASURED,1,mtbakerwindows.com,ATTESTED territory-wide (2026-09-12),1,MENTION,"S5 met. One competitor only, so S4 does not fire. GSC (S2) is the next signal and the client has access."
/locations/la-conner/pressure-washing/,T4 city x service,pressure washing La Conner WA,pressure-washing,la-conner,UNMEASURED,"0 impressions over 16 months, threshold 53.5",UNMEASURED,1,mtbakerwindows.com,ATTESTED territory-wide (2026-09-12),1,MENTION,"S5 met. One competitor only, so S4 does not fire. GSC (S2) is the next signal and the client has access."
/locations/la-conner/house-washing/,T4 city x service,house washing La Conner WA,house-washing,la-conner,UNMEASURED,"0 impressions over 16 months, threshold 53.5",UNMEASURED,1,mtbakerwindows.com,ATTESTED territory-wide (2026-09-12),1,MENTION,"S5 met. One competitor only, so S4 does not fire. GSC (S2) is the next signal and the client has access."
/locations/la-conner/solar-panel-cleaning/,T4 city x service,solar panel cleaning La Conner WA,solar-panel-cleaning,la-conner,UNMEASURED,"0 impressions over 16 months, threshold 53.5",UNMEASURED,1,mtbakerwindows.com,ATTESTED territory-wide (2026-09-12),1,MENTION,"S5 met. One competitor only, so S4 does not fire. GSC (S2) is the next signal and the client has access."
/locations/lyman/,T4 city,Lyman WA exterior cleaning,,lyman,UNMEASURED,"0 impressions over 16 months, threshold 53.5",UNMEASURED,0,,ATTESTED territory-wide (2026-09-12),1,MENTION,"S5 met, no competitor builds this tuple. Needs GSC impressions or metro volume, or it stays an areaServed mention."
/locations/lyman/window-cleaning/,T4 city x service,window cleaning Lyman WA,window-cleaning,lyman,UNMEASURED,"0 impressions over 16 months, threshold 53.5",UNMEASURED,0,,ATTESTED territory-wide (2026-09-12),1,MENTION,"S5 met, no competitor builds this tuple. Needs GSC impressions or metro volume, or it stays an areaServed mention."
/locations/lyman/gutter-cleaning/,T4 city x service,gutter cleaning Lyman WA,gutter-cleaning,lyman,UNMEASURED,"0 impressions over 16 months, threshold 53.5",UNMEASURED,0,,ATTESTED territory-wide (2026-09-12),1,MENTION,"S5 met, no competitor builds this tuple. Needs GSC impressions or metro volume, or it stays an areaServed mention."
/locations/lyman/roof-cleaning/,T4 city x service,roof cleaning Lyman WA,roof-cleaning,lyman,UNMEASURED,"0 impressions over 16 months, threshold 53.5",UNMEASURED,0,,ATTESTED territory-wide (2026-09-12),1,MENTION,"S5 met, no competitor builds this tuple. Needs GSC impressions or metro volume, or it stays an areaServed mention."
/locations/lyman/moss-removal/,T4 city x service,moss removal Lyman WA,moss-removal,lyman,UNMEASURED,"0 impressions over 16 months, threshold 53.5",UNMEASURED,0,,ATTESTED territory-wide (2026-09-12),1,MENTION,"S5 met, no competitor builds this tuple. Needs GSC impressions or metro volume, or it stays an areaServed mention."
/locations/lyman/pressure-washing/,T4 city x service,pressure washing Lyman WA,pressure-washing,lyman,UNMEASURED,"0 impressions over 16 months, threshold 53.5",UNMEASURED,0,,ATTESTED territory-wide (2026-09-12),1,MENTION,"S5 met, no competitor builds this tuple. Needs GSC impressions or metro volume, or it stays an areaServed mention."
/locations/lyman/house-washing/,T4 city x service,house washing Lyman WA,house-washing,lyman,UNMEASURED,"0 impressions over 16 months, threshold 53.5",UNMEASURED,0,,ATTESTED territory-wide (2026-09-12),1,MENTION,"S5 met, no competitor builds this tuple. Needs GSC impressions or metro volume, or it stays an areaServed mention."
/locations/lyman/solar-panel-cleaning/,T4 city x service,solar panel cleaning Lyman WA,solar-panel-cleaning,lyman,UNMEASURED,"0 impressions over 16 months, threshold 53.5",UNMEASURED,0,,ATTESTED territory-wide (2026-09-12),1,MENTION,"S5 met, no competitor builds this tuple. Needs GSC impressions or metro volume, or it stays an areaServed mention."
/locations/edison/,T4 city,Edison WA exterior cleaning,,edison,UNMEASURED,"0 impressions over 16 months, threshold 53.5",UNMEASURED,0,,ATTESTED territory-wide (2026-09-12),1,MENTION,"S5 met, no competitor builds this tuple. Needs GSC impressions or metro volume, or it stays an areaServed mention."
/locations/edison/window-cleaning/,T4 city x service,window cleaning Edison WA,window-cleaning,edison,UNMEASURED,"0 impressions over 16 months, threshold 53.5",UNMEASURED,0,,ATTESTED territory-wide (2026-09-12),1,MENTION,"S5 met, no competitor builds this tuple. Needs GSC impressions or metro volume, or it stays an areaServed mention."
/locations/edison/gutter-cleaning/,T4 city x service,gutter cleaning Edison WA,gutter-cleaning,edison,UNMEASURED,"0 impressions over 16 months, threshold 53.5",UNMEASURED,0,,ATTESTED territory-wide (2026-09-12),1,MENTION,"S5 met, no competitor builds this tuple. Needs GSC impressions or metro volume, or it stays an areaServed mention."
/locations/edison/roof-cleaning/,T4 city x service,roof cleaning Edison WA,roof-cleaning,edison,UNMEASURED,"0 impressions over 16 months, threshold 53.5",UNMEASURED,0,,ATTESTED territory-wide (2026-09-12),1,MENTION,"S5 met, no competitor builds this tuple. Needs GSC impressions or metro volume, or it stays an areaServed mention."
/locations/edison/moss-removal/,T4 city x service,moss removal Edison WA,moss-removal,edison,UNMEASURED,"0 impressions over 16 months, threshold 53.5",UNMEASURED,0,,ATTESTED territory-wide (2026-09-12),1,MENTION,"S5 met, no competitor builds this tuple. Needs GSC impressions or metro volume, or it stays an areaServed mention."
/locations/edison/pressure-washing/,T4 city x service,pressure washing Edison WA,pressure-washing,edison,UNMEASURED,"0 impressions over 16 months, threshold 53.5",UNMEASURED,0,,ATTESTED territory-wide (2026-09-12),1,MENTION,"S5 met, no competitor builds this tuple. Needs GSC impressions or metro volume, or it stays an areaServed mention."
/locations/edison/house-washing/,T4 city x service,house washing Edison WA,house-washing,edison,UNMEASURED,"0 impressions over 16 months, threshold 53.5",UNMEASURED,0,,ATTESTED territory-wide (2026-09-12),1,MENTION,"S5 met, no competitor builds this tuple. Needs GSC impressions or metro volume, or it stays an areaServed mention."
/locations/edison/solar-panel-cleaning/,T4 city x service,solar panel cleaning Edison WA,solar-panel-cleaning,edison,UNMEASURED,"0 impressions over 16 months, threshold 53.5",UNMEASURED,0,,ATTESTED territory-wide (2026-09-12),1,MENTION,"S5 met, no competitor builds this tuple. Needs GSC impressions or metro volume, or it stays an areaServed mention."
/locations/bow/,T4 city,Bow WA exterior cleaning,,bow,UNMEASURED,"0 impressions over 16 months, threshold 53.5",UNMEASURED,1,mtbakerwindows.com,ATTESTED territory-wide (2026-09-12),1,MENTION,"S5 met. One competitor only, so S4 does not fire. GSC (S2) is the next signal and the client has access."
/locations/bow/window-cleaning/,T4 city x service,window cleaning Bow WA,window-cleaning,bow,UNMEASURED,"0 impressions over 16 months, threshold 53.5",UNMEASURED,1,mtbakerwindows.com,ATTESTED territory-wide (2026-09-12),1,MENTION,"S5 met. One competitor only, so S4 does not fire. GSC (S2) is the next signal and the client has access."
/locations/bow/gutter-cleaning/,T4 city x service,gutter cleaning Bow WA,gutter-cleaning,bow,UNMEASURED,"0 impressions over 16 months, threshold 53.5",UNMEASURED,1,mtbakerwindows.com,ATTESTED territory-wide (2026-09-12),1,MENTION,"S5 met. One competitor only, so S4 does not fire. GSC (S2) is the next signal and the client has access."
/locations/bow/roof-cleaning/,T4 city x service,roof cleaning Bow WA,roof-cleaning,bow,UNMEASURED,"0 impressions over 16 months, threshold 53.5",UNMEASURED,1,mtbakerwindows.com,ATTESTED territory-wide (2026-09-12),1,MENTION,"S5 met. One competitor only, so S4 does not fire. GSC (S2) is the next signal and the client has access."
/locations/bow/moss-removal/,T4 city x service,moss removal Bow WA,moss-removal,bow,UNMEASURED,"0 impressions over 16 months, threshold 53.5",UNMEASURED,1,mtbakerwindows.com,ATTESTED territory-wide (2026-09-12),1,MENTION,"S5 met. One competitor only, so S4 does not fire. GSC (S2) is the next signal and the client has access."
/locations/bow/pressure-washing/,T4 city x service,pressure washing Bow WA,pressure-washing,bow,UNMEASURED,"0 impressions over 16 months, threshold 53.5",UNMEASURED,1,mtbakerwindows.com,ATTESTED territory-wide (2026-09-12),1,MENTION,"S5 met. One competitor only, so S4 does not fire. GSC (S2) is the next signal and the client has access."
/locations/bow/house-washing/,T4 city x service,house washing Bow WA,house-washing,bow,UNMEASURED,"0 impressions over 16 months, threshold 53.5",UNMEASURED,1,mtbakerwindows.com,ATTESTED territory-wide (2026-09-12),1,MENTION,"S5 met. One competitor only, so S4 does not fire. GSC (S2) is the next signal and the client has access."
/locations/bow/solar-panel-cleaning/,T4 city x service,solar panel cleaning Bow WA,solar-panel-cleaning,bow,UNMEASURED,"0 impressions over 16 months, threshold 53.5",UNMEASURED,1,mtbakerwindows.com,ATTESTED territory-wide (2026-09-12),1,MENTION,"S5 met. One competitor only, so S4 does not fire. GSC (S2) is the next signal and the client has access."
/locations/alger/,T4 city,Alger WA exterior cleaning,,alger,UNMEASURED,"0 impressions over 16 months, threshold 53.5",UNMEASURED,1,mtbakerwindows.com,ATTESTED territory-wide (2026-09-12),1,MENTION,"S5 met. One competitor only, so S4 does not fire. GSC (S2) is the next signal and the client has access."
/locations/alger/window-cleaning/,T4 city x service,window cleaning Alger WA,window-cleaning,alger,UNMEASURED,"0 impressions over 16 months, threshold 53.5",UNMEASURED,1,mtbakerwindows.com,ATTESTED territory-wide (2026-09-12),1,MENTION,"S5 met. One competitor only, so S4 does not fire. GSC (S2) is the next signal and the client has access."
/locations/alger/gutter-cleaning/,T4 city x service,gutter cleaning Alger WA,gutter-cleaning,alger,UNMEASURED,"0 impressions over 16 months, threshold 53.5",UNMEASURED,1,mtbakerwindows.com,ATTESTED territory-wide (2026-09-12),1,MENTION,"S5 met. One competitor only, so S4 does not fire. GSC (S2) is the next signal and the client has access."
/locations/alger/roof-cleaning/,T4 city x service,roof cleaning Alger WA,roof-cleaning,alger,UNMEASURED,"0 impressions over 16 months, threshold 53.5",UNMEASURED,1,mtbakerwindows.com,ATTESTED territory-wide (2026-09-12),1,MENTION,"S5 met. One competitor only, so S4 does not fire. GSC (S2) is the next signal and the client has access."
/locations/alger/moss-removal/,T4 city x service,moss removal Alger WA,moss-removal,alger,UNMEASURED,"0 impressions over 16 months, threshold 53.5",UNMEASURED,1,mtbakerwindows.com,ATTESTED territory-wide (2026-09-12),1,MENTION,"S5 met. One competitor only, so S4 does not fire. GSC (S2) is the next signal and the client has access."
/locations/alger/pressure-washing/,T4 city x service,pressure washing Alger WA,pressure-washing,alger,UNMEASURED,"0 impressions over 16 months, threshold 53.5",UNMEASURED,1,mtbakerwindows.com,ATTESTED territory-wide (2026-09-12),1,MENTION,"S5 met. One competitor only, so S4 does not fire. GSC (S2) is the next signal and the client has access."
/locations/alger/house-washing/,T4 city x service,house washing Alger WA,house-washing,alger,UNMEASURED,"0 impressions over 16 months, threshold 53.5",UNMEASURED,1,mtbakerwindows.com,ATTESTED territory-wide (2026-09-12),1,MENTION,"S5 met. One competitor only, so S4 does not fire. GSC (S2) is the next signal and the client has access."
/locations/alger/solar-panel-cleaning/,T4 city x service,solar panel cleaning Alger WA,solar-panel-cleaning,alger,UNMEASURED,"0 impressions over 16 months, threshold 53.5",UNMEASURED,1,mtbakerwindows.com,ATTESTED territory-wide (2026-09-12),1,MENTION,"S5 met. One competitor only, so S4 does not fire. GSC (S2) is the next signal and the client has access."
/locations/clear-lake/,T4 city,Clear Lake WA exterior cleaning,,clear-lake,UNMEASURED,"0 impressions over 16 months, threshold 53.5",UNMEASURED,0,,ATTESTED territory-wide (2026-09-12),1,MENTION,"S5 met, no competitor builds this tuple. Needs GSC impressions or metro volume, or it stays an areaServed mention."
/locations/clear-lake/window-cleaning/,T4 city x service,window cleaning Clear Lake WA,window-cleaning,clear-lake,UNMEASURED,"0 impressions over 16 months, threshold 53.5",UNMEASURED,0,,ATTESTED territory-wide (2026-09-12),1,MENTION,"S5 met, no competitor builds this tuple. Needs GSC impressions or metro volume, or it stays an areaServed mention."
/locations/clear-lake/gutter-cleaning/,T4 city x service,gutter cleaning Clear Lake WA,gutter-cleaning,clear-lake,UNMEASURED,"0 impressions over 16 months, threshold 53.5",UNMEASURED,0,,ATTESTED territory-wide (2026-09-12),1,MENTION,"S5 met, no competitor builds this tuple. Needs GSC impressions or metro volume, or it stays an areaServed mention."
/locations/clear-lake/roof-cleaning/,T4 city x service,roof cleaning Clear Lake WA,roof-cleaning,clear-lake,UNMEASURED,"0 impressions over 16 months, threshold 53.5",UNMEASURED,0,,ATTESTED territory-wide (2026-09-12),1,MENTION,"S5 met, no competitor builds this tuple. Needs GSC impressions or metro volume, or it stays an areaServed mention."
/locations/clear-lake/moss-removal/,T4 city x service,moss removal Clear Lake WA,moss-removal,clear-lake,UNMEASURED,"0 impressions over 16 months, threshold 53.5",UNMEASURED,0,,ATTESTED territory-wide (2026-09-12),1,MENTION,"S5 met, no competitor builds this tuple. Needs GSC impressions or metro volume, or it stays an areaServed mention."
/locations/clear-lake/pressure-washing/,T4 city x service,pressure washing Clear Lake WA,pressure-washing,clear-lake,UNMEASURED,"0 impressions over 16 months, threshold 53.5",UNMEASURED,0,,ATTESTED territory-wide (2026-09-12),1,MENTION,"S5 met, no competitor builds this tuple. Needs GSC impressions or metro volume, or it stays an areaServed mention."
/locations/clear-lake/house-washing/,T4 city x service,house washing Clear Lake WA,house-washing,clear-lake,UNMEASURED,"0 impressions over 16 months, threshold 53.5",UNMEASURED,0,,ATTESTED territory-wide (2026-09-12),1,MENTION,"S5 met, no competitor builds this tuple. Needs GSC impressions or metro volume, or it stays an areaServed mention."
/locations/clear-lake/solar-panel-cleaning/,T4 city x service,solar panel cleaning Clear Lake WA,solar-panel-cleaning,clear-lake,UNMEASURED,"0 impressions over 16 months, threshold 53.5",UNMEASURED,0,,ATTESTED territory-wide (2026-09-12),1,MENTION,"S5 met, no competitor builds this tuple. Needs GSC impressions or metro volume, or it stays an areaServed mention."
/locations/big-lake/,T4 city,Big Lake WA exterior cleaning,,big-lake,UNMEASURED,"0 impressions over 16 months, threshold 53.5",UNMEASURED,0,,ATTESTED territory-wide (2026-09-12),1,MENTION,"S5 met, no competitor builds this tuple. Needs GSC impressions or metro volume, or it stays an areaServed mention."
/locations/big-lake/window-cleaning/,T4 city x service,window cleaning Big Lake WA,window-cleaning,big-lake,UNMEASURED,"0 impressions over 16 months, threshold 53.5",UNMEASURED,0,,ATTESTED territory-wide (2026-09-12),1,MENTION,"S5 met, no competitor builds this tuple. Needs GSC impressions or metro volume, or it stays an areaServed mention."
/locations/big-lake/gutter-cleaning/,T4 city x service,gutter cleaning Big Lake WA,gutter-cleaning,big-lake,UNMEASURED,"0 impressions over 16 months, threshold 53.5",UNMEASURED,0,,ATTESTED territory-wide (2026-09-12),1,MENTION,"S5 met, no competitor builds this tuple. Needs GSC impressions or metro volume, or it stays an areaServed mention."
/locations/big-lake/roof-cleaning/,T4 city x service,roof cleaning Big Lake WA,roof-cleaning,big-lake,UNMEASURED,"0 impressions over 16 months, threshold 53.5",UNMEASURED,0,,ATTESTED territory-wide (2026-09-12),1,MENTION,"S5 met, no competitor builds this tuple. Needs GSC impressions or metro volume, or it stays an areaServed mention."
/locations/big-lake/moss-removal/,T4 city x service,moss removal Big Lake WA,moss-removal,big-lake,UNMEASURED,"0 impressions over 16 months, threshold 53.5",UNMEASURED,0,,ATTESTED territory-wide (2026-09-12),1,MENTION,"S5 met, no competitor builds this tuple. Needs GSC impressions or metro volume, or it stays an areaServed mention."
/locations/big-lake/pressure-washing/,T4 city x service,pressure washing Big Lake WA,pressure-washing,big-lake,UNMEASURED,"0 impressions over 16 months, threshold 53.5",UNMEASURED,0,,ATTESTED territory-wide (2026-09-12),1,MENTION,"S5 met, no competitor builds this tuple. Needs GSC impressions or metro volume, or it stays an areaServed mention."
/locations/big-lake/house-washing/,T4 city x service,house washing Big Lake WA,house-washing,big-lake,UNMEASURED,"0 impressions over 16 months, threshold 53.5",UNMEASURED,0,,ATTESTED territory-wide (2026-09-12),1,MENTION,"S5 met, no competitor builds this tuple. Needs GSC impressions or metro volume, or it stays an areaServed mention."
/locations/big-lake/solar-panel-cleaning/,T4 city x service,solar panel cleaning Big Lake WA,solar-panel-cleaning,big-lake,UNMEASURED,"0 impressions over 16 months, threshold 53.5",UNMEASURED,0,,ATTESTED territory-wide (2026-09-12),1,MENTION,"S5 met, no competitor builds this tuple. Needs GSC impressions or metro volume, or it stays an areaServed mention."
/locations/conway/,T4 city,Conway WA exterior cleaning,,conway,UNMEASURED,"0 impressions over 16 months, threshold 53.5",UNMEASURED,0,,ATTESTED territory-wide (2026-09-12),1,MENTION,"S5 met, no competitor builds this tuple. Needs GSC impressions or metro volume, or it stays an areaServed mention."
/locations/conway/window-cleaning/,T4 city x service,window cleaning Conway WA,window-cleaning,conway,UNMEASURED,"0 impressions over 16 months, threshold 53.5",UNMEASURED,0,,ATTESTED territory-wide (2026-09-12),1,MENTION,"S5 met, no competitor builds this tuple. Needs GSC impressions or metro volume, or it stays an areaServed mention."
/locations/conway/gutter-cleaning/,T4 city x service,gutter cleaning Conway WA,gutter-cleaning,conway,UNMEASURED,"0 impressions over 16 months, threshold 53.5",UNMEASURED,0,,ATTESTED territory-wide (2026-09-12),1,MENTION,"S5 met, no competitor builds this tuple. Needs GSC impressions or metro volume, or it stays an areaServed mention."
/locations/conway/roof-cleaning/,T4 city x service,roof cleaning Conway WA,roof-cleaning,conway,UNMEASURED,"0 impressions over 16 months, threshold 53.5",UNMEASURED,0,,ATTESTED territory-wide (2026-09-12),1,MENTION,"S5 met, no competitor builds this tuple. Needs GSC impressions or metro volume, or it stays an areaServed mention."
/locations/conway/moss-removal/,T4 city x service,moss removal Conway WA,moss-removal,conway,UNMEASURED,"0 impressions over 16 months, threshold 53.5",UNMEASURED,0,,ATTESTED territory-wide (2026-09-12),1,MENTION,"S5 met, no competitor builds this tuple. Needs GSC impressions or metro volume, or it stays an areaServed mention."
/locations/conway/pressure-washing/,T4 city x service,pressure washing Conway WA,pressure-washing,conway,UNMEASURED,"0 impressions over 16 months, threshold 53.5",UNMEASURED,0,,ATTESTED territory-wide (2026-09-12),1,MENTION,"S5 met, no competitor builds this tuple. Needs GSC impressions or metro volume, or it stays an areaServed mention."
/locations/conway/house-washing/,T4 city x service,house washing Conway WA,house-washing,conway,UNMEASURED,"0 impressions over 16 months, threshold 53.5",UNMEASURED,0,,ATTESTED territory-wide (2026-09-12),1,MENTION,"S5 met, no competitor builds this tuple. Needs GSC impressions or metro volume, or it stays an areaServed mention."
/locations/conway/solar-panel-cleaning/,T4 city x service,solar panel cleaning Conway WA,solar-panel-cleaning,conway,UNMEASURED,"0 impressions over 16 months, threshold 53.5",UNMEASURED,0,,ATTESTED territory-wide (2026-09-12),1,MENTION,"S5 met, no competitor builds this tuple. Needs GSC impressions or metro volume, or it stays an areaServed mention."
/locations/concrete/,T4 city,Concrete WA exterior cleaning,,concrete,UNMEASURED,"0 impressions over 16 months, threshold 53.5",UNMEASURED,0,,ATTESTED territory-wide (2026-09-12),1,MENTION,"S5 met, no competitor builds this tuple. Needs GSC impressions or metro volume, or it stays an areaServed mention."
/locations/concrete/window-cleaning/,T4 city x service,window cleaning Concrete WA,window-cleaning,concrete,UNMEASURED,"0 impressions over 16 months, threshold 53.5",UNMEASURED,0,,ATTESTED territory-wide (2026-09-12),1,MENTION,"S5 met, no competitor builds this tuple. Needs GSC impressions or metro volume, or it stays an areaServed mention."
/locations/concrete/gutter-cleaning/,T4 city x service,gutter cleaning Concrete WA,gutter-cleaning,concrete,UNMEASURED,"0 impressions over 16 months, threshold 53.5",UNMEASURED,0,,ATTESTED territory-wide (2026-09-12),1,MENTION,"S5 met, no competitor builds this tuple. Needs GSC impressions or metro volume, or it stays an areaServed mention."
/locations/concrete/roof-cleaning/,T4 city x service,roof cleaning Concrete WA,roof-cleaning,concrete,UNMEASURED,"0 impressions over 16 months, threshold 53.5",UNMEASURED,0,,ATTESTED territory-wide (2026-09-12),1,MENTION,"S5 met, no competitor builds this tuple. Needs GSC impressions or metro volume, or it stays an areaServed mention."
/locations/concrete/moss-removal/,T4 city x service,moss removal Concrete WA,moss-removal,concrete,UNMEASURED,"0 impressions over 16 months, threshold 53.5",UNMEASURED,0,,ATTESTED territory-wide (2026-09-12),1,MENTION,"S5 met, no competitor builds this tuple. Needs GSC impressions or metro volume, or it stays an areaServed mention."
/locations/concrete/pressure-washing/,T4 city x service,pressure washing Concrete WA,pressure-washing,concrete,UNMEASURED,"0 impressions over 16 months, threshold 53.5",UNMEASURED,0,,ATTESTED territory-wide (2026-09-12),1,MENTION,"S5 met, no competitor builds this tuple. Needs GSC impressions or metro volume, or it stays an areaServed mention."
/locations/concrete/house-washing/,T4 city x service,house washing Concrete WA,house-washing,concrete,UNMEASURED,"0 impressions over 16 months, threshold 53.5",UNMEASURED,0,,ATTESTED territory-wide (2026-09-12),1,MENTION,"S5 met, no competitor builds this tuple. Needs GSC impressions or metro volume, or it stays an areaServed mention."
/locations/concrete/solar-panel-cleaning/,T4 city x service,solar panel cleaning Concrete WA,solar-panel-cleaning,concrete,UNMEASURED,"0 impressions over 16 months, threshold 53.5",UNMEASURED,0,,ATTESTED territory-wide (2026-09-12),1,MENTION,"S5 met, no competitor builds this tuple. Needs GSC impressions or metro volume, or it stays an areaServed mention."
/locations/hamilton/,T4 city,Hamilton WA exterior cleaning,,hamilton,UNMEASURED,"0 impressions over 16 months, threshold 53.5",UNMEASURED,0,,ATTESTED territory-wide (2026-09-12),1,MENTION,"S5 met, no competitor builds this tuple. Needs GSC impressions or metro volume, or it stays an areaServed mention."
/locations/hamilton/window-cleaning/,T4 city x service,window cleaning Hamilton WA,window-cleaning,hamilton,UNMEASURED,"0 impressions over 16 months, threshold 53.5",UNMEASURED,0,,ATTESTED territory-wide (2026-09-12),1,MENTION,"S5 met, no competitor builds this tuple. Needs GSC impressions or metro volume, or it stays an areaServed mention."
/locations/hamilton/gutter-cleaning/,T4 city x service,gutter cleaning Hamilton WA,gutter-cleaning,hamilton,UNMEASURED,"0 impressions over 16 months, threshold 53.5",UNMEASURED,0,,ATTESTED territory-wide (2026-09-12),1,MENTION,"S5 met, no competitor builds this tuple. Needs GSC impressions or metro volume, or it stays an areaServed mention."
/locations/hamilton/roof-cleaning/,T4 city x service,roof cleaning Hamilton WA,roof-cleaning,hamilton,UNMEASURED,"0 impressions over 16 months, threshold 53.5",UNMEASURED,0,,ATTESTED territory-wide (2026-09-12),1,MENTION,"S5 met, no competitor builds this tuple. Needs GSC impressions or metro volume, or it stays an areaServed mention."
/locations/hamilton/moss-removal/,T4 city x service,moss removal Hamilton WA,moss-removal,hamilton,UNMEASURED,"0 impressions over 16 months, threshold 53.5",UNMEASURED,0,,ATTESTED territory-wide (2026-09-12),1,MENTION,"S5 met, no competitor builds this tuple. Needs GSC impressions or metro volume, or it stays an areaServed mention."
/locations/hamilton/pressure-washing/,T4 city x service,pressure washing Hamilton WA,pressure-washing,hamilton,UNMEASURED,"0 impressions over 16 months, threshold 53.5",UNMEASURED,0,,ATTESTED territory-wide (2026-09-12),1,MENTION,"S5 met, no competitor builds this tuple. Needs GSC impressions or metro volume, or it stays an areaServed mention."
/locations/hamilton/house-washing/,T4 city x service,house washing Hamilton WA,house-washing,hamilton,UNMEASURED,"0 impressions over 16 months, threshold 53.5",UNMEASURED,0,,ATTESTED territory-wide (2026-09-12),1,MENTION,"S5 met, no competitor builds this tuple. Needs GSC impressions or metro volume, or it stays an areaServed mention."
/locations/hamilton/solar-panel-cleaning/,T4 city x service,solar panel cleaning Hamilton WA,solar-panel-cleaning,hamilton,UNMEASURED,"0 impressions over 16 months, threshold 53.5",UNMEASURED,0,,ATTESTED territory-wide (2026-09-12),1,MENTION,"S5 met, no competitor builds this tuple. Needs GSC impressions or metro volume, or it stays an areaServed mention."
/locations/bay-view/,T4 city,Bay View WA exterior cleaning,,bay-view,UNMEASURED,"0 impressions over 16 months, threshold 53.5",UNMEASURED,0,,ATTESTED territory-wide (2026-09-12),1,MENTION,"S5 met, no competitor builds this tuple. Needs GSC impressions or metro volume, or it stays an areaServed mention."
/locations/bay-view/window-cleaning/,T4 city x service,window cleaning Bay View WA,window-cleaning,bay-view,UNMEASURED,"0 impressions over 16 months, threshold 53.5",UNMEASURED,0,,ATTESTED territory-wide (2026-09-12),1,MENTION,"S5 met, no competitor builds this tuple. Needs GSC impressions or metro volume, or it stays an areaServed mention."
/locations/bay-view/gutter-cleaning/,T4 city x service,gutter cleaning Bay View WA,gutter-cleaning,bay-view,UNMEASURED,"0 impressions over 16 months, threshold 53.5",UNMEASURED,0,,ATTESTED territory-wide (2026-09-12),1,MENTION,"S5 met, no competitor builds this tuple. Needs GSC impressions or metro volume, or it stays an areaServed mention."
/locations/bay-view/roof-cleaning/,T4 city x service,roof cleaning Bay View WA,roof-cleaning,bay-view,UNMEASURED,"0 impressions over 16 months, threshold 53.5",UNMEASURED,0,,ATTESTED territory-wide (2026-09-12),1,MENTION,"S5 met, no competitor builds this tuple. Needs GSC impressions or metro volume, or it stays an areaServed mention."
/locations/bay-view/moss-removal/,T4 city x service,moss removal Bay View WA,moss-removal,bay-view,UNMEASURED,"0 impressions over 16 months, threshold 53.5",UNMEASURED,0,,ATTESTED territory-wide (2026-09-12),1,MENTION,"S5 met, no competitor builds this tuple. Needs GSC impressions or metro volume, or it stays an areaServed mention."
/locations/bay-view/pressure-washing/,T4 city x service,pressure washing Bay View WA,pressure-washing,bay-view,UNMEASURED,"0 impressions over 16 months, threshold 53.5",UNMEASURED,0,,ATTESTED territory-wide (2026-09-12),1,MENTION,"S5 met, no competitor builds this tuple. Needs GSC impressions or metro volume, or it stays an areaServed mention."
/locations/bay-view/house-washing/,T4 city x service,house washing Bay View WA,house-washing,bay-view,UNMEASURED,"0 impressions over 16 months, threshold 53.5",UNMEASURED,0,,ATTESTED territory-wide (2026-09-12),1,MENTION,"S5 met, no competitor builds this tuple. Needs GSC impressions or metro volume, or it stays an areaServed mention."
/locations/bay-view/solar-panel-cleaning/,T4 city x service,solar panel cleaning Bay View WA,solar-panel-cleaning,bay-view,UNMEASURED,"0 impressions over 16 months, threshold 53.5",UNMEASURED,0,,ATTESTED territory-wide (2026-09-12),1,MENTION,"S5 met, no competitor builds this tuple. Needs GSC impressions or metro volume, or it stays an areaServed mention."
/locations/oak-harbor/,T4 city,Oak Harbor WA exterior cleaning,,oak-harbor,UNMEASURED,"3 impressions over 16 months, threshold 53.5",UNMEASURED,0,,ATTESTED territory-wide (2026-09-12),1,MENTION,"S5 met, no competitor builds this tuple. Needs GSC impressions or metro volume, or it stays an areaServed mention."
/locations/oak-harbor/window-cleaning/,T4 city x service,window cleaning Oak Harbor WA,window-cleaning,oak-harbor,UNMEASURED,"0 impressions over 16 months, threshold 53.5",UNMEASURED,0,,ATTESTED territory-wide (2026-09-12),1,MENTION,"S5 met, no competitor builds this tuple. Needs GSC impressions or metro volume, or it stays an areaServed mention."
/locations/oak-harbor/gutter-cleaning/,T4 city x service,gutter cleaning Oak Harbor WA,gutter-cleaning,oak-harbor,UNMEASURED,"3 impressions over 16 months, threshold 53.5",UNMEASURED,0,,ATTESTED territory-wide (2026-09-12),1,MENTION,"S5 met, no competitor builds this tuple. Needs GSC impressions or metro volume, or it stays an areaServed mention."
/locations/oak-harbor/roof-cleaning/,T4 city x service,roof cleaning Oak Harbor WA,roof-cleaning,oak-harbor,UNMEASURED,"0 impressions over 16 months, threshold 53.5",UNMEASURED,0,,ATTESTED territory-wide (2026-09-12),1,MENTION,"S5 met, no competitor builds this tuple. Needs GSC impressions or metro volume, or it stays an areaServed mention."
/locations/oak-harbor/moss-removal/,T4 city x service,moss removal Oak Harbor WA,moss-removal,oak-harbor,UNMEASURED,"0 impressions over 16 months, threshold 53.5",UNMEASURED,0,,ATTESTED territory-wide (2026-09-12),1,MENTION,"S5 met, no competitor builds this tuple. Needs GSC impressions or metro volume, or it stays an areaServed mention."
/locations/oak-harbor/pressure-washing/,T4 city x service,pressure washing Oak Harbor WA,pressure-washing,oak-harbor,UNMEASURED,"0 impressions over 16 months, threshold 53.5",UNMEASURED,0,,ATTESTED territory-wide (2026-09-12),1,MENTION,"S5 met, no competitor builds this tuple. Needs GSC impressions or metro volume, or it stays an areaServed mention."
/locations/oak-harbor/house-washing/,T4 city x service,house washing Oak Harbor WA,house-washing,oak-harbor,UNMEASURED,"0 impressions over 16 months, threshold 53.5",UNMEASURED,0,,ATTESTED territory-wide (2026-09-12),1,MENTION,"S5 met, no competitor builds this tuple. Needs GSC impressions or metro volume, or it stays an areaServed mention."
/locations/oak-harbor/solar-panel-cleaning/,T4 city x service,solar panel cleaning Oak Harbor WA,solar-panel-cleaning,oak-harbor,UNMEASURED,"0 impressions over 16 months, threshold 53.5",UNMEASURED,0,,ATTESTED territory-wide (2026-09-12),1,MENTION,"S5 met, no competitor builds this tuple. Needs GSC impressions or metro volume, or it stays an areaServed mention."
/locations/point-roberts/,T4 city,Point Roberts WA exterior cleaning,,point-roberts,UNMEASURED,"0 impressions over 16 months, threshold 53.5",UNMEASURED,1,mtbakerwindows.com,ATTESTED territory-wide (2026-09-12),1,MENTION,"S5 met. One competitor only, so S4 does not fire. GSC (S2) is the next signal and the client has access."
/locations/point-roberts/window-cleaning/,T4 city x service,window cleaning Point Roberts WA,window-cleaning,point-roberts,UNMEASURED,"0 impressions over 16 months, threshold 53.5",UNMEASURED,1,mtbakerwindows.com,ATTESTED territory-wide (2026-09-12),1,MENTION,"S5 met. One competitor only, so S4 does not fire. GSC (S2) is the next signal and the client has access."
/locations/point-roberts/gutter-cleaning/,T4 city x service,gutter cleaning Point Roberts WA,gutter-cleaning,point-roberts,UNMEASURED,"0 impressions over 16 months, threshold 53.5",UNMEASURED,1,mtbakerwindows.com,ATTESTED territory-wide (2026-09-12),1,MENTION,"S5 met. One competitor only, so S4 does not fire. GSC (S2) is the next signal and the client has access."
/locations/point-roberts/roof-cleaning/,T4 city x service,roof cleaning Point Roberts WA,roof-cleaning,point-roberts,UNMEASURED,"0 impressions over 16 months, threshold 53.5",UNMEASURED,1,mtbakerwindows.com,ATTESTED territory-wide (2026-09-12),1,MENTION,"S5 met. One competitor only, so S4 does not fire. GSC (S2) is the next signal and the client has access."
/locations/point-roberts/moss-removal/,T4 city x service,moss removal Point Roberts WA,moss-removal,point-roberts,UNMEASURED,"0 impressions over 16 months, threshold 53.5",UNMEASURED,1,mtbakerwindows.com,ATTESTED territory-wide (2026-09-12),1,MENTION,"S5 met. One competitor only, so S4 does not fire. GSC (S2) is the next signal and the client has access."
/locations/point-roberts/pressure-washing/,T4 city x service,pressure washing Point Roberts WA,pressure-washing,point-roberts,UNMEASURED,"0 impressions over 16 months, threshold 53.5",UNMEASURED,1,mtbakerwindows.com,ATTESTED territory-wide (2026-09-12),1,MENTION,"S5 met. One competitor only, so S4 does not fire. GSC (S2) is the next signal and the client has access."
/locations/point-roberts/house-washing/,T4 city x service,house washing Point Roberts WA,house-washing,point-roberts,UNMEASURED,"0 impressions over 16 months, threshold 53.5",UNMEASURED,1,mtbakerwindows.com,ATTESTED territory-wide (2026-09-12),1,MENTION,"S5 met. One competitor only, so S4 does not fire. GSC (S2) is the next signal and the client has access."
/locations/point-roberts/solar-panel-cleaning/,T4 city x service,solar panel cleaning Point Roberts WA,solar-panel-cleaning,point-roberts,UNMEASURED,"0 impressions over 16 months, threshold 53.5",UNMEASURED,1,mtbakerwindows.com,ATTESTED territory-wide (2026-09-12),1,MENTION,"S5 met. One competitor only, so S4 does not fire. GSC (S2) is the next signal and the client has access."
/locations/lummi-island/,T4 city,Lummi Island WA exterior cleaning,,lummi-island,UNMEASURED,"0 impressions over 16 months, threshold 53.5",UNMEASURED,0,,ATTESTED territory-wide (2026-09-12),1,MENTION,"S5 met, no competitor builds this tuple. Needs GSC impressions or metro volume, or it stays an areaServed mention."
/locations/lummi-island/window-cleaning/,T4 city x service,window cleaning Lummi Island WA,window-cleaning,lummi-island,UNMEASURED,"0 impressions over 16 months, threshold 53.5",UNMEASURED,0,,ATTESTED territory-wide (2026-09-12),1,MENTION,"S5 met, no competitor builds this tuple. Needs GSC impressions or metro volume, or it stays an areaServed mention."
/locations/lummi-island/gutter-cleaning/,T4 city x service,gutter cleaning Lummi Island WA,gutter-cleaning,lummi-island,UNMEASURED,"0 impressions over 16 months, threshold 53.5",UNMEASURED,0,,ATTESTED territory-wide (2026-09-12),1,MENTION,"S5 met, no competitor builds this tuple. Needs GSC impressions or metro volume, or it stays an areaServed mention."
/locations/lummi-island/roof-cleaning/,T4 city x service,roof cleaning Lummi Island WA,roof-cleaning,lummi-island,UNMEASURED,"0 impressions over 16 months, threshold 53.5",UNMEASURED,0,,ATTESTED territory-wide (2026-09-12),1,MENTION,"S5 met, no competitor builds this tuple. Needs GSC impressions or metro volume, or it stays an areaServed mention."
/locations/lummi-island/moss-removal/,T4 city x service,moss removal Lummi Island WA,moss-removal,lummi-island,UNMEASURED,"0 impressions over 16 months, threshold 53.5",UNMEASURED,0,,ATTESTED territory-wide (2026-09-12),1,MENTION,"S5 met, no competitor builds this tuple. Needs GSC impressions or metro volume, or it stays an areaServed mention."
/locations/lummi-island/pressure-washing/,T4 city x service,pressure washing Lummi Island WA,pressure-washing,lummi-island,UNMEASURED,"0 impressions over 16 months, threshold 53.5",UNMEASURED,0,,ATTESTED territory-wide (2026-09-12),1,MENTION,"S5 met, no competitor builds this tuple. Needs GSC impressions or metro volume, or it stays an areaServed mention."
/locations/lummi-island/house-washing/,T4 city x service,house washing Lummi Island WA,house-washing,lummi-island,UNMEASURED,"0 impressions over 16 months, threshold 53.5",UNMEASURED,0,,ATTESTED territory-wide (2026-09-12),1,MENTION,"S5 met, no competitor builds this tuple. Needs GSC impressions or metro volume, or it stays an areaServed mention."
/locations/lummi-island/solar-panel-cleaning/,T4 city x service,solar panel cleaning Lummi Island WA,solar-panel-cleaning,lummi-island,UNMEASURED,"0 impressions over 16 months, threshold 53.5",UNMEASURED,0,,ATTESTED territory-wide (2026-09-12),1,MENTION,"S5 met, no competitor builds this tuple. Needs GSC impressions or metro volume, or it stays an areaServed mention."
/locations/marietta/,T4 city,Marietta WA exterior cleaning,,marietta,UNMEASURED,"0 impressions over 16 months, threshold 53.5",UNMEASURED,1,pnwwash.com,ATTESTED territory-wide (2026-09-12),1,MENTION,"S5 met. One competitor only, so S4 does not fire. GSC (S2) is the next signal and the client has access."
/locations/marietta/window-cleaning/,T4 city x service,window cleaning Marietta WA,window-cleaning,marietta,UNMEASURED,"0 impressions over 16 months, threshold 53.5",UNMEASURED,1,pnwwash.com,ATTESTED territory-wide (2026-09-12),1,MENTION,"S5 met. One competitor only, so S4 does not fire. GSC (S2) is the next signal and the client has access."
/locations/marietta/gutter-cleaning/,T4 city x service,gutter cleaning Marietta WA,gutter-cleaning,marietta,UNMEASURED,"0 impressions over 16 months, threshold 53.5",UNMEASURED,1,pnwwash.com,ATTESTED territory-wide (2026-09-12),1,MENTION,"S5 met. One competitor only, so S4 does not fire. GSC (S2) is the next signal and the client has access."
/locations/marietta/roof-cleaning/,T4 city x service,roof cleaning Marietta WA,roof-cleaning,marietta,UNMEASURED,"0 impressions over 16 months, threshold 53.5",UNMEASURED,1,pnwwash.com,ATTESTED territory-wide (2026-09-12),1,MENTION,"S5 met. One competitor only, so S4 does not fire. GSC (S2) is the next signal and the client has access."
/locations/marietta/moss-removal/,T4 city x service,moss removal Marietta WA,moss-removal,marietta,UNMEASURED,"0 impressions over 16 months, threshold 53.5",UNMEASURED,0,,ATTESTED territory-wide (2026-09-12),1,MENTION,"S5 met, no competitor builds this tuple. Needs GSC impressions or metro volume, or it stays an areaServed mention."
/locations/marietta/pressure-washing/,T4 city x service,pressure washing Marietta WA,pressure-washing,marietta,UNMEASURED,"0 impressions over 16 months, threshold 53.5",UNMEASURED,0,,ATTESTED territory-wide (2026-09-12),1,MENTION,"S5 met, no competitor builds this tuple. Needs GSC impressions or metro volume, or it stays an areaServed mention."
/locations/marietta/house-washing/,T4 city x service,house washing Marietta WA,house-washing,marietta,UNMEASURED,"0 impressions over 16 months, threshold 53.5",UNMEASURED,1,pnwwash.com,ATTESTED territory-wide (2026-09-12),1,MENTION,"S5 met. One competitor only, so S4 does not fire. GSC (S2) is the next signal and the client has access."
/locations/marietta/solar-panel-cleaning/,T4 city x service,solar panel cleaning Marietta WA,solar-panel-cleaning,marietta,UNMEASURED,"0 impressions over 16 months, threshold 53.5",UNMEASURED,0,,ATTESTED territory-wide (2026-09-12),1,MENTION,"S5 met, no competitor builds this tuple. Needs GSC impressions or metro volume, or it stays an areaServed mention."
/locations/geneva/,T4 city,Geneva WA exterior cleaning,,geneva,UNMEASURED,"0 impressions over 16 months, threshold 53.5",UNMEASURED,1,pnwwash.com,ATTESTED territory-wide (2026-09-12),1,MENTION,"S5 met. One competitor only, so S4 does not fire. GSC (S2) is the next signal and the client has access."
/locations/geneva/window-cleaning/,T4 city x service,window cleaning Geneva WA,window-cleaning,geneva,UNMEASURED,"0 impressions over 16 months, threshold 53.5",UNMEASURED,1,pnwwash.com,ATTESTED territory-wide (2026-09-12),1,MENTION,"S5 met. One competitor only, so S4 does not fire. GSC (S2) is the next signal and the client has access."
/locations/geneva/gutter-cleaning/,T4 city x service,gutter cleaning Geneva WA,gutter-cleaning,geneva,UNMEASURED,"0 impressions over 16 months, threshold 53.5",UNMEASURED,1,pnwwash.com,ATTESTED territory-wide (2026-09-12),1,MENTION,"S5 met. One competitor only, so S4 does not fire. GSC (S2) is the next signal and the client has access."
/locations/geneva/roof-cleaning/,T4 city x service,roof cleaning Geneva WA,roof-cleaning,geneva,UNMEASURED,"0 impressions over 16 months, threshold 53.5",UNMEASURED,1,pnwwash.com,ATTESTED territory-wide (2026-09-12),1,MENTION,"S5 met. One competitor only, so S4 does not fire. GSC (S2) is the next signal and the client has access."
/locations/geneva/moss-removal/,T4 city x service,moss removal Geneva WA,moss-removal,geneva,UNMEASURED,"0 impressions over 16 months, threshold 53.5",UNMEASURED,0,,ATTESTED territory-wide (2026-09-12),1,MENTION,"S5 met, no competitor builds this tuple. Needs GSC impressions or metro volume, or it stays an areaServed mention."
/locations/geneva/pressure-washing/,T4 city x service,pressure washing Geneva WA,pressure-washing,geneva,UNMEASURED,"0 impressions over 16 months, threshold 53.5",UNMEASURED,0,,ATTESTED territory-wide (2026-09-12),1,MENTION,"S5 met, no competitor builds this tuple. Needs GSC impressions or metro volume, or it stays an areaServed mention."
/locations/geneva/house-washing/,T4 city x service,house washing Geneva WA,house-washing,geneva,UNMEASURED,"0 impressions over 16 months, threshold 53.5",UNMEASURED,1,pnwwash.com,ATTESTED territory-wide (2026-09-12),1,MENTION,"S5 met. One competitor only, so S4 does not fire. GSC (S2) is the next signal and the client has access."
/locations/geneva/solar-panel-cleaning/,T4 city x service,solar panel cleaning Geneva WA,solar-panel-cleaning,geneva,UNMEASURED,"0 impressions over 16 months, threshold 53.5",UNMEASURED,0,,ATTESTED territory-wide (2026-09-12),1,MENTION,"S5 met, no competitor builds this tuple. Needs GSC impressions or metro volume, or it stays an areaServed mention."
/locations/wickersham/,T4 city,Wickersham WA exterior cleaning,,wickersham,UNMEASURED,"0 impressions over 16 months, threshold 53.5",UNMEASURED,0,,ATTESTED territory-wide (2026-09-12),1,MENTION,"S5 met, no competitor builds this tuple. Needs GSC impressions or metro volume, or it stays an areaServed mention."
/locations/wickersham/window-cleaning/,T4 city x service,window cleaning Wickersham WA,window-cleaning,wickersham,UNMEASURED,"0 impressions over 16 months, threshold 53.5",UNMEASURED,0,,ATTESTED territory-wide (2026-09-12),1,MENTION,"S5 met, no competitor builds this tuple. Needs GSC impressions or metro volume, or it stays an areaServed mention."
/locations/wickersham/gutter-cleaning/,T4 city x service,gutter cleaning Wickersham WA,gutter-cleaning,wickersham,UNMEASURED,"0 impressions over 16 months, threshold 53.5",UNMEASURED,0,,ATTESTED territory-wide (2026-09-12),1,MENTION,"S5 met, no competitor builds this tuple. Needs GSC impressions or metro volume, or it stays an areaServed mention."
/locations/wickersham/roof-cleaning/,T4 city x service,roof cleaning Wickersham WA,roof-cleaning,wickersham,UNMEASURED,"0 impressions over 16 months, threshold 53.5",UNMEASURED,0,,ATTESTED territory-wide (2026-09-12),1,MENTION,"S5 met, no competitor builds this tuple. Needs GSC impressions or metro volume, or it stays an areaServed mention."
/locations/wickersham/moss-removal/,T4 city x service,moss removal Wickersham WA,moss-removal,wickersham,UNMEASURED,"0 impressions over 16 months, threshold 53.5",UNMEASURED,0,,ATTESTED territory-wide (2026-09-12),1,MENTION,"S5 met, no competitor builds this tuple. Needs GSC impressions or metro volume, or it stays an areaServed mention."
/locations/wickersham/pressure-washing/,T4 city x service,pressure washing Wickersham WA,pressure-washing,wickersham,UNMEASURED,"0 impressions over 16 months, threshold 53.5",UNMEASURED,0,,ATTESTED territory-wide (2026-09-12),1,MENTION,"S5 met, no competitor builds this tuple. Needs GSC impressions or metro volume, or it stays an areaServed mention."
/locations/wickersham/house-washing/,T4 city x service,house washing Wickersham WA,house-washing,wickersham,UNMEASURED,"0 impressions over 16 months, threshold 53.5",UNMEASURED,0,,ATTESTED territory-wide (2026-09-12),1,MENTION,"S5 met, no competitor builds this tuple. Needs GSC impressions or metro volume, or it stays an areaServed mention."
/locations/wickersham/solar-panel-cleaning/,T4 city x service,solar panel cleaning Wickersham WA,solar-panel-cleaning,wickersham,UNMEASURED,"0 impressions over 16 months, threshold 53.5",UNMEASURED,0,,ATTESTED territory-wide (2026-09-12),1,MENTION,"S5 met, no competitor builds this tuple. Needs GSC impressions or metro volume, or it stays an areaServed mention."
/locations/rockport/,T4 city,Rockport WA exterior cleaning,,rockport,UNMEASURED,"0 impressions over 16 months, threshold 53.5",UNMEASURED,0,,ATTESTED territory-wide (2026-09-12),1,MENTION,"S5 met, no competitor builds this tuple. Needs GSC impressions or metro volume, or it stays an areaServed mention."
/locations/rockport/window-cleaning/,T4 city x service,window cleaning Rockport WA,window-cleaning,rockport,UNMEASURED,"0 impressions over 16 months, threshold 53.5",UNMEASURED,0,,ATTESTED territory-wide (2026-09-12),1,MENTION,"S5 met, no competitor builds this tuple. Needs GSC impressions or metro volume, or it stays an areaServed mention."
/locations/rockport/gutter-cleaning/,T4 city x service,gutter cleaning Rockport WA,gutter-cleaning,rockport,UNMEASURED,"0 impressions over 16 months, threshold 53.5",UNMEASURED,0,,ATTESTED territory-wide (2026-09-12),1,MENTION,"S5 met, no competitor builds this tuple. Needs GSC impressions or metro volume, or it stays an areaServed mention."
/locations/rockport/roof-cleaning/,T4 city x service,roof cleaning Rockport WA,roof-cleaning,rockport,UNMEASURED,"0 impressions over 16 months, threshold 53.5",UNMEASURED,0,,ATTESTED territory-wide (2026-09-12),1,MENTION,"S5 met, no competitor builds this tuple. Needs GSC impressions or metro volume, or it stays an areaServed mention."
/locations/rockport/moss-removal/,T4 city x service,moss removal Rockport WA,moss-removal,rockport,UNMEASURED,"0 impressions over 16 months, threshold 53.5",UNMEASURED,0,,ATTESTED territory-wide (2026-09-12),1,MENTION,"S5 met, no competitor builds this tuple. Needs GSC impressions or metro volume, or it stays an areaServed mention."
/locations/rockport/pressure-washing/,T4 city x service,pressure washing Rockport WA,pressure-washing,rockport,UNMEASURED,"0 impressions over 16 months, threshold 53.5",UNMEASURED,0,,ATTESTED territory-wide (2026-09-12),1,MENTION,"S5 met, no competitor builds this tuple. Needs GSC impressions or metro volume, or it stays an areaServed mention."
/locations/rockport/house-washing/,T4 city x service,house washing Rockport WA,house-washing,rockport,UNMEASURED,"0 impressions over 16 months, threshold 53.5",UNMEASURED,0,,ATTESTED territory-wide (2026-09-12),1,MENTION,"S5 met, no competitor builds this tuple. Needs GSC impressions or metro volume, or it stays an areaServed mention."
/locations/rockport/solar-panel-cleaning/,T4 city x service,solar panel cleaning Rockport WA,solar-panel-cleaning,rockport,UNMEASURED,"0 impressions over 16 months, threshold 53.5",UNMEASURED,0,,ATTESTED territory-wide (2026-09-12),1,MENTION,"S5 met, no competitor builds this tuple. Needs GSC impressions or metro volume, or it stays an areaServed mention."
/locations/samish-island/,T4 city,Samish Island WA exterior cleaning,,samish-island,UNMEASURED,"0 impressions over 16 months, threshold 53.5",UNMEASURED,0,,ATTESTED territory-wide (2026-09-12),1,MENTION,"S5 met, no competitor builds this tuple. Needs GSC impressions or metro volume, or it stays an areaServed mention."
/locations/samish-island/window-cleaning/,T4 city x service,window cleaning Samish Island WA,window-cleaning,samish-island,UNMEASURED,"0 impressions over 16 months, threshold 53.5",UNMEASURED,0,,ATTESTED territory-wide (2026-09-12),1,MENTION,"S5 met, no competitor builds this tuple. Needs GSC impressions or metro volume, or it stays an areaServed mention."
/locations/samish-island/gutter-cleaning/,T4 city x service,gutter cleaning Samish Island WA,gutter-cleaning,samish-island,UNMEASURED,"0 impressions over 16 months, threshold 53.5",UNMEASURED,0,,ATTESTED territory-wide (2026-09-12),1,MENTION,"S5 met, no competitor builds this tuple. Needs GSC impressions or metro volume, or it stays an areaServed mention."
/locations/samish-island/roof-cleaning/,T4 city x service,roof cleaning Samish Island WA,roof-cleaning,samish-island,UNMEASURED,"0 impressions over 16 months, threshold 53.5",UNMEASURED,0,,ATTESTED territory-wide (2026-09-12),1,MENTION,"S5 met, no competitor builds this tuple. Needs GSC impressions or metro volume, or it stays an areaServed mention."
/locations/samish-island/moss-removal/,T4 city x service,moss removal Samish Island WA,moss-removal,samish-island,UNMEASURED,"0 impressions over 16 months, threshold 53.5",UNMEASURED,0,,ATTESTED territory-wide (2026-09-12),1,MENTION,"S5 met, no competitor builds this tuple. Needs GSC impressions or metro volume, or it stays an areaServed mention."
/locations/samish-island/pressure-washing/,T4 city x service,pressure washing Samish Island WA,pressure-washing,samish-island,UNMEASURED,"0 impressions over 16 months, threshold 53.5",UNMEASURED,0,,ATTESTED territory-wide (2026-09-12),1,MENTION,"S5 met, no competitor builds this tuple. Needs GSC impressions or metro volume, or it stays an areaServed mention."
/locations/samish-island/house-washing/,T4 city x service,house washing Samish Island WA,house-washing,samish-island,UNMEASURED,"0 impressions over 16 months, threshold 53.5",UNMEASURED,0,,ATTESTED territory-wide (2026-09-12),1,MENTION,"S5 met, no competitor builds this tuple. Needs GSC impressions or metro volume, or it stays an areaServed mention."
/locations/samish-island/solar-panel-cleaning/,T4 city x service,solar panel cleaning Samish Island WA,solar-panel-cleaning,samish-island,UNMEASURED,"0 impressions over 16 months, threshold 53.5",UNMEASURED,0,,ATTESTED territory-wide (2026-09-12),1,MENTION,"S5 met, no competitor builds this tuple. Needs GSC impressions or metro volume, or it stays an areaServed mention."
/locations/guemes-island/,T4 city,Guemes Island WA exterior cleaning,,guemes-island,UNMEASURED,"0 impressions over 16 months, threshold 53.5",UNMEASURED,0,,ATTESTED territory-wide (2026-09-12),1,MENTION,"S5 met, no competitor builds this tuple. Needs GSC impressions or metro volume, or it stays an areaServed mention."
/locations/guemes-island/window-cleaning/,T4 city x service,window cleaning Guemes Island WA,window-cleaning,guemes-island,UNMEASURED,"0 impressions over 16 months, threshold 53.5",UNMEASURED,0,,ATTESTED territory-wide (2026-09-12),1,MENTION,"S5 met, no competitor builds this tuple. Needs GSC impressions or metro volume, or it stays an areaServed mention."
/locations/guemes-island/gutter-cleaning/,T4 city x service,gutter cleaning Guemes Island WA,gutter-cleaning,guemes-island,UNMEASURED,"0 impressions over 16 months, threshold 53.5",UNMEASURED,0,,ATTESTED territory-wide (2026-09-12),1,MENTION,"S5 met, no competitor builds this tuple. Needs GSC impressions or metro volume, or it stays an areaServed mention."
/locations/guemes-island/roof-cleaning/,T4 city x service,roof cleaning Guemes Island WA,roof-cleaning,guemes-island,UNMEASURED,"0 impressions over 16 months, threshold 53.5",UNMEASURED,0,,ATTESTED territory-wide (2026-09-12),1,MENTION,"S5 met, no competitor builds this tuple. Needs GSC impressions or metro volume, or it stays an areaServed mention."
/locations/guemes-island/moss-removal/,T4 city x service,moss removal Guemes Island WA,moss-removal,guemes-island,UNMEASURED,"0 impressions over 16 months, threshold 53.5",UNMEASURED,0,,ATTESTED territory-wide (2026-09-12),1,MENTION,"S5 met, no competitor builds this tuple. Needs GSC impressions or metro volume, or it stays an areaServed mention."
/locations/guemes-island/pressure-washing/,T4 city x service,pressure washing Guemes Island WA,pressure-washing,guemes-island,UNMEASURED,"0 impressions over 16 months, threshold 53.5",UNMEASURED,0,,ATTESTED territory-wide (2026-09-12),1,MENTION,"S5 met, no competitor builds this tuple. Needs GSC impressions or metro volume, or it stays an areaServed mention."
/locations/guemes-island/house-washing/,T4 city x service,house washing Guemes Island WA,house-washing,guemes-island,UNMEASURED,"0 impressions over 16 months, threshold 53.5",UNMEASURED,0,,ATTESTED territory-wide (2026-09-12),1,MENTION,"S5 met, no competitor builds this tuple. Needs GSC impressions or metro volume, or it stays an areaServed mention."
/locations/guemes-island/solar-panel-cleaning/,T4 city x service,solar panel cleaning Guemes Island WA,solar-panel-cleaning,guemes-island,UNMEASURED,"0 impressions over 16 months, threshold 53.5",UNMEASURED,0,,ATTESTED territory-wide (2026-09-12),1,MENTION,"S5 met, no competitor builds this tuple. Needs GSC impressions or metro volume, or it stays an areaServed mention."
/locations/bellingham/alabama-hill/,T5 Bellingham neighborhood,Alabama Hill Bellingham WA exterior cleaning,,alabama-hill,UNMEASURED,UNMEASURED,UNMEASURED,0,,ATTESTED territory-wide (2026-09-12),1,MENTION,"Declined on demand evidence, not on a structural rule: no measured query demand in the 16-month export and no competitor builds a Bellingham sub-area page. S5 only. Live legacy page, migrating."
/locations/bellingham/barkley/,T5 Bellingham neighborhood,Barkley Bellingham WA exterior cleaning,,barkley,UNMEASURED,UNMEASURED,UNMEASURED,0,,ATTESTED territory-wide (2026-09-12),1,MENTION,"Declined on demand evidence, not on a structural rule: no measured query demand in the 16-month export and no competitor builds a Bellingham sub-area page. S5 only. Live legacy page, migrating."
/locations/bellingham/birchwood/,T5 Bellingham neighborhood,Birchwood Bellingham WA exterior cleaning,,birchwood,UNMEASURED,UNMEASURED,UNMEASURED,0,,ATTESTED territory-wide (2026-09-12),1,MENTION,"Declined on demand evidence, not on a structural rule: no measured query demand in the 16-month export and no competitor builds a Bellingham sub-area page. S5 only. Live legacy page, migrating."
/locations/bellingham/city-center/,T5 Bellingham neighborhood,City Center Bellingham WA exterior cleaning,,city-center,UNMEASURED,UNMEASURED,UNMEASURED,0,,ATTESTED territory-wide (2026-09-12),1,MENTION,"Declined on demand evidence, not on a structural rule: no measured query demand in the 16-month export and no competitor builds a Bellingham sub-area page. S5 only."
/locations/bellingham/columbia/,T5 Bellingham neighborhood,Columbia Bellingham WA exterior cleaning,,columbia,UNMEASURED,UNMEASURED,UNMEASURED,0,,ATTESTED territory-wide (2026-09-12),1,MENTION,"Declined on demand evidence, not on a structural rule: no measured query demand in the 16-month export and no competitor builds a Bellingham sub-area page. S5 only. Live legacy page, migrating."
/locations/bellingham/cordata/,T5 Bellingham neighborhood,Cordata Bellingham WA exterior cleaning,,cordata,UNMEASURED,UNMEASURED,UNMEASURED,0,,ATTESTED territory-wide (2026-09-12),1,MENTION,"Declined on demand evidence, not on a structural rule: no measured query demand in the 16-month export and no competitor builds a Bellingham sub-area page. S5 only. Live legacy page, migrating."
/locations/bellingham/cornwall-park/,T5 Bellingham neighborhood,Cornwall Park Bellingham WA exterior cleaning,,cornwall-park,UNMEASURED,UNMEASURED,UNMEASURED,0,,ATTESTED territory-wide (2026-09-12),1,MENTION,"Declined on demand evidence, not on a structural rule: no measured query demand in the 16-month export and no competitor builds a Bellingham sub-area page. S5 only."
/locations/bellingham/edgemoor/,T5 Bellingham neighborhood,Edgemoor Bellingham WA exterior cleaning,,edgemoor,UNMEASURED,UNMEASURED,UNMEASURED,0,,ATTESTED territory-wide (2026-09-12),1,MENTION,"Declined on demand evidence, not on a structural rule: no measured query demand in the 16-month export and no competitor builds a Bellingham sub-area page. S5 only. Live legacy page, migrating."
/locations/bellingham/fairhaven/,T5 Bellingham neighborhood,Fairhaven Bellingham WA exterior cleaning,,fairhaven,UNMEASURED,UNMEASURED,UNMEASURED,0,,ATTESTED territory-wide (2026-09-12),1,MENTION,"Declined on demand evidence, not on a structural rule: no measured query demand in the 16-month export and no competitor builds a Bellingham sub-area page. S5 only. Live legacy page, migrating."
/locations/bellingham/happy-valley/,T5 Bellingham neighborhood,Happy Valley Bellingham WA exterior cleaning,,happy-valley,UNMEASURED,UNMEASURED,UNMEASURED,0,,ATTESTED territory-wide (2026-09-12),1,MENTION,"Declined on demand evidence, not on a structural rule: no measured query demand in the 16-month export and no competitor builds a Bellingham sub-area page. S5 only. Live legacy page, migrating."
/locations/bellingham/irongate/,T5 Bellingham neighborhood,Irongate Bellingham WA exterior cleaning,,irongate,UNMEASURED,UNMEASURED,UNMEASURED,0,,ATTESTED territory-wide (2026-09-12),1,MENTION,"Declined on demand evidence, not on a structural rule: no measured query demand in the 16-month export and no competitor builds a Bellingham sub-area page. S5 only."
/locations/bellingham/king-mountain/,T5 Bellingham neighborhood,King Mountain Bellingham WA exterior cleaning,,king-mountain,UNMEASURED,UNMEASURED,UNMEASURED,0,,ATTESTED territory-wide (2026-09-12),1,MENTION,"Declined on demand evidence, not on a structural rule: no measured query demand in the 16-month export and no competitor builds a Bellingham sub-area page. S5 only."
/locations/bellingham/lettered-streets/,T5 Bellingham neighborhood,Lettered Streets Bellingham WA exterior cleaning,,lettered-streets,UNMEASURED,UNMEASURED,UNMEASURED,0,,ATTESTED territory-wide (2026-09-12),1,MENTION,"Declined on demand evidence, not on a structural rule: no measured query demand in the 16-month export and no competitor builds a Bellingham sub-area page. S5 only."
/locations/bellingham/meridian/,T5 Bellingham neighborhood,Meridian Bellingham WA exterior cleaning,,meridian,UNMEASURED,UNMEASURED,UNMEASURED,0,,ATTESTED territory-wide (2026-09-12),1,MENTION,"Declined on demand evidence, not on a structural rule: no measured query demand in the 16-month export and no competitor builds a Bellingham sub-area page. S5 only."
/locations/bellingham/puget/,T5 Bellingham neighborhood,Puget Bellingham WA exterior cleaning,,puget,UNMEASURED,UNMEASURED,UNMEASURED,0,,ATTESTED territory-wide (2026-09-12),1,MENTION,"Declined on demand evidence, not on a structural rule: no measured query demand in the 16-month export and no competitor builds a Bellingham sub-area page. S5 only."
/locations/bellingham/roosevelt/,T5 Bellingham neighborhood,Roosevelt Bellingham WA exterior cleaning,,roosevelt,UNMEASURED,UNMEASURED,UNMEASURED,0,,ATTESTED territory-wide (2026-09-12),1,MENTION,"Declined on demand evidence, not on a structural rule: no measured query demand in the 16-month export and no competitor builds a Bellingham sub-area page. S5 only."
/locations/bellingham/samish/,T5 Bellingham neighborhood,Samish Bellingham WA exterior cleaning,,samish,UNMEASURED,UNMEASURED,UNMEASURED,0,,ATTESTED territory-wide (2026-09-12),1,MENTION,"Declined on demand evidence, not on a structural rule: no measured query demand in the 16-month export and no competitor builds a Bellingham sub-area page. S5 only."
/locations/bellingham/sehome/,T5 Bellingham neighborhood,Sehome Bellingham WA exterior cleaning,,sehome,UNMEASURED,UNMEASURED,UNMEASURED,0,,ATTESTED territory-wide (2026-09-12),1,MENTION,"Declined on demand evidence, not on a structural rule: no measured query demand in the 16-month export and no competitor builds a Bellingham sub-area page. S5 only."
/locations/bellingham/silver-beach/,T5 Bellingham neighborhood,Silver Beach Bellingham WA exterior cleaning,,silver-beach,UNMEASURED,UNMEASURED,UNMEASURED,0,,ATTESTED territory-wide (2026-09-12),1,MENTION,"Declined on demand evidence, not on a structural rule: no measured query demand in the 16-month export and no competitor builds a Bellingham sub-area page. S5 only. Live legacy page, migrating."
/locations/bellingham/south/,T5 Bellingham neighborhood,South Bellingham WA exterior cleaning,,south,UNMEASURED,UNMEASURED,UNMEASURED,0,,ATTESTED territory-wide (2026-09-12),1,MENTION,"Declined on demand evidence, not on a structural rule: no measured query demand in the 16-month export and no competitor builds a Bellingham sub-area page. S5 only."
/locations/bellingham/south-hill/,T5 Bellingham neighborhood,South Hill Bellingham WA exterior cleaning,,south-hill,UNMEASURED,UNMEASURED,UNMEASURED,0,,ATTESTED territory-wide (2026-09-12),1,MENTION,"Declined on demand evidence, not on a structural rule: no measured query demand in the 16-month export and no competitor builds a Bellingham sub-area page. S5 only. Live legacy page, migrating."
/locations/bellingham/sunnyland/,T5 Bellingham neighborhood,Sunnyland Bellingham WA exterior cleaning,,sunnyland,UNMEASURED,UNMEASURED,UNMEASURED,0,,ATTESTED territory-wide (2026-09-12),1,MENTION,"Declined on demand evidence, not on a structural rule: no measured query demand in the 16-month export and no competitor builds a Bellingham sub-area page. S5 only. Live legacy page, migrating."
/locations/bellingham/western-washington-university/,T5 Bellingham neighborhood,Western Washington University Bellingham WA exterior cleaning,,western-washington-university,UNMEASURED,UNMEASURED,UNMEASURED,0,,ATTESTED territory-wide (2026-09-12),1,MENTION,"Declined on demand evidence, not on a structural rule: no measured query demand in the 16-month export and no competitor builds a Bellingham sub-area page. S5 only."
/locations/bellingham/whatcom-falls/,T5 Bellingham neighborhood,Whatcom Falls Bellingham WA exterior cleaning,,whatcom-falls,UNMEASURED,UNMEASURED,UNMEASURED,0,,ATTESTED territory-wide (2026-09-12),1,MENTION,"Declined on demand evidence, not on a structural rule: no measured query demand in the 16-month export and no competitor builds a Bellingham sub-area page. S5 only."
/locations/bellingham/york/,T5 Bellingham neighborhood,York Bellingham WA exterior cleaning,,york,UNMEASURED,UNMEASURED,UNMEASURED,0,,ATTESTED territory-wide (2026-09-12),1,MENTION,"Declined on demand evidence, not on a structural rule: no measured query demand in the 16-month export and no competitor builds a Bellingham sub-area page. S5 only."
/locations/bellingham/squalicum/,T5 Bellingham area page,Squalicum Bellingham WA exterior cleaning,,squalicum,UNMEASURED,UNMEASURED,UNMEASURED,0,,ATTESTED territory-wide (2026-09-12),1,MENTION,"Declined on demand evidence, not on a structural rule: no measured query demand in the 16-month export and no competitor builds a Bellingham sub-area page. S5 only. Live legacy page, migrating."
/locations/bellingham/chuckanut/,T5 Bellingham area page,Chuckanut Bellingham WA exterior cleaning,,chuckanut,UNMEASURED,UNMEASURED,UNMEASURED,0,,ATTESTED territory-wide (2026-09-12),1,MENTION,"Declined on demand evidence, not on a structural rule: no measured query demand in the 16-month export and no competitor builds a Bellingham sub-area page. S5 only. Owner names Chuckanut as one of the top-value areas in the territory (stated 2026-09-12). Needs the job records behind that assessment to become S5."
